user_id,actual
1,[1082185  872137 1082212 9297615  940947]
2,[1106523  899624 1075368  916122 1082185]
3,[1082185 1106523  866211  990797 5569230]
6,[1029743 1082185 1098844 1070820  878996]
7,[1106523 1082185 1029743 1126899 1122358]
8,[1106523 1082185 1029743  872137  916122]
9,[ 1082185  1056005 12171886  8019755  1056509]
10,[1082185 1106523 1068719  979707 1022254]
13,[1029743 1082185 1068719 9488065  972931]
14,[1082185 1029743 5568378 5569327 1068719]
15,[1082185 1070820 1029743 1122358 1041796]
16,[1082185  979707 1022254 1068719 1041796]
18,[1082185  944486  990797  916122 1003699]
19,[1044078 1029743  962229 1106523 5568378]
20,[1075368 1126899 1068719 8090536 1082185]
21,[1082185 1106523 1029743 1044078  914318]
22,[1070820 1082185  944836 1010578 1104349]
23,[1075368 1051468 1079987 1029743 1082185]
24,[1106523 5569230 1082185 1008814 1016800]
25,[1082185 1029743 1106523 1041796  866211]
26,[1022254 1082185 1029743  896862  916122]
27,[1102416  963686 1058709 1076056 1135468]
28,[ 940947 6533911  916122 1082185 6533368]
29,[1082185 1029743 1044078  950894 5568378]
30,[1082185 1068719 1051516  979707 1022254]
31,[1004906 1082185  844179 1070820  859427]
32,[1082185 1068719  908312  944836  901062]
33,[1082185 1106523  871756 1029743 1044078]
34,[1082185  993638 1029743 1068719  830203]
35,[1082185 1029743 1126899 6464165 5569230]
36,[ 962229 1029743  866211 1082185  916122]
37,[1067695 1097001  916990  898448 1106523]
39,[1082185 1126899 1004001 1127716  923789]
40,[6034857 1055504  913210 1019637 5585510]
41,[ 909714  913210 1126899 5568729 5585510]
42,[ 839656  946839 1082185 5995177  829621]
43,[1082185 1029743 1068719 6391137  979707]
46,[1029743 1082185  899624 5568729  852856]
47,[1082185 1044078  916122  844179  965766]
49,[ 933835 1070820 1082185 1106523 1027168]
50,[1082185 1106523  849202 1068719  979707]
51,[ 893018  965766 1070272  880427  883202]
52,[1106523 1082185  865705 1044078 1004906]
53,[1082185 6034857 1087102  916122 5569471]
55,[1082185 1097280 1022254 1068719  979707]
56,[1082185 5569230 1126899  979707  891415]
57,[ 986912 1082185 7139529 1068719  916122]
58,[1082185  916122 1070820 1068719 1126899]
59,[1082185 1106523 1053016 1068719 1022254]
62,[1082185 1068719  979707 1022254  965766]
63,[1082185 1068719  979707 1022254 1040346]
64,[1082185 1131344 7409951  949023  987615]
65,[ 986912 1082185 1070820 1128016 1075368]
67,[1070820 1044078  916122  933835 1098844]
68,[1029743  916122 1101010 1106523  856252]
69,[ 1044078  1004906  1029743 12810393  1082185]
70,[1082185 1068719  979707 1022254  965766]
71,[ 1082185  1056509 10149656  1029743  1068719]
72,[1070820  979707  844179  938596 1098844]
75,[1082185 1068719  979707 1022254  965766]
77,[1126899 1106523 1082185 1070820  919534]
78,[ 952972 1082185 6773232 1039627  930385]
79,[1082185 1029743 5569230 1087411 1068719]
80,[1029743  844179  835098 1082185  916122]
81,[1029743 1093413 1044078 1082185  983584]
82,[ 880150 1082185  847573  849202  910473]
83,[1082185  980984  879393  940731 1068719]
84,[1082185  903529  920025  829722  885290]
85,[1082185  844179 1068719 1075368 1022254]
86,[ 925145 1082185  854852  820301  865026]
87,[1079528 1082185  926823 1078543 8293385]
88,[1075368 1044078 1068719  822259 1029743]
90,[1082185  866211 1070820  979707 1022254]
91,[ 910151 1029743 1082185 1000148  916122]
92,[12946027  1082185  1126899  1104343  1127758]
94,[1082185 1044078 1068719  968363  979707]
95,[1029743  983584 1027168 1082185  866211]
97,[1075368 1106523 1082185 1029743 1087102]
98,[1082185 1044078 1091858  844179 1122358]
99,[1029743  916122 1126899 1080677 1098248]
100,[1082185  983316 1118235  890695 1029743]
101,[1106523 1082185 1044078 1036661  844179]
103,[1106523 1082185 1029743  844179  983584]
104,[1044078  844179 5569230  965766 1082185]
105,[ 844179 1082185 1044078  916122 1106523]
106,[1082185 5569230 1068719  979707 1121393]
107,[1082185 1029743 1106523  999625  879734]
109,[ 1082185  1044078 12731436  1126899   835098]
110,[1044078 1082185 1106523 1068719 1022254]
111,[ 1106523  1082185 13876914   899624  1004906]
112,[1082185 9527159 1070820  866211 1068719]
113,[ 1070820   976199  1098844 12385374   878996]
114,[ 1029743  1082185 10344585  5568489  1070820]
115,[12523757   918598 12648296  1090931   983584]
116,[1082185 1019637 1104343 1014732 1044078]
117,[1082185  948670  852235 1041229  852360]
118,[1082185  893018 1048257 5591170  891415]
119,[1082185 1029743  866211 1051468 1098844]
121,[1082185 1029743 1068719  965766 1044078]
122,[1082185 1116635 1086119  940947  916122]
123,[1029743 1082185  916122 1044078 1056509]
124,[1037840 1082185 1106523  899624 1044078]
125,[1029743  834117  971922 5585510 5591083]
126,[1004906 1082185 1029743 1025611 1068719]
127,[1029743 1106523  983584 1044078  899624]
128,[ 1098248  1029743  1082185 12263857  1070820]
131,[1082185  990797 1044078 1106523 1075214]
132,[1126899 1106523 1082185  916122  999198]
133,[1082185 1029743  866211  872137 1132771]
134,[1029743 1106523  913210  834117  899624]
135,[1082185  852360 1019389  898121 1117690]
136,[1106523 1082185 1044078 8090521 8090537]
138,[ 979707 1009361 1082185 1098844 5585510]
139,[1082185  866211 1021324 1050741  968695]
140,[1106523 1037840 1082185 1110244 1029743]
141,[1082185  866211  854852 1098248 1068719]
142,[ 1082212   990797 13877192  1082185  1013826]
143,[1082185  916122 1106523 1029743 1044078]
146,[1082185 1029743 1068719  834117  979707]
151,[ 916122 1082185 1126899 1106523  832678]
153,[ 897954 1082185 1089705 1006063 6391089]
156,[1106523 5569230  866211 1070820 1068719]
157,[ 962229 1082185 1070820 1098844  857540]
158,[ 1082185  1092303 12731714  1025641  1128240]
159,[1082185  866211  983584 1004906 1106523]
160,[1070820 1087102  933835  833598  883003]
161,[ 976199 1082185 5568378 1056509  916122]
162,[ 1070820  1029743  1082185  6034857 13115501]
164,[1029743 1106523 1082185  983584  916122]
166,[1029743 1075368  880888 1082185 1106523]
167,[ 1082185   833724  9297151  5569792 13417954]
168,[1029743 1106523 1082185  885290  970160]
169,[1082185 1068719  979707 8119002 1022254]
171,[1044078 1004906 1029743 1082185  913210]
172,[1082185 5569230  829722 1068719 1004906]
174,[1106523  866211 1082185 1070702 1004906]
178,[ 1082185   827656   963686 13841744  1106523]
183,[8090440 1082185 1106523 5568378  819840]
184,[ 896085 1044078 1082185  844179 6534229]
185,[ 838186 1082185 1029743  899624 5569230]
187,[ 983584 1082185 7410335 5569230 1106523]
188,[1082185 1106523 1068719  979707  866211]
190,[1029743 1082185 1068719  979707 1022254]
191,[1082185 1068719  979707 1022254  965766]
192,[5569230 1029743 1056509 1082212 1082185]
193,[1029743 1106523 1104205  990797  908504]
194,[1082185 1106523 6391381 1084342  912004]
195,[ 872137 1029743 1062128 1082185  844179]
196,[1106523 1082185 1081177 5569230 1044078]
197,[1126899  963835 1082185  838186  856252]
198,[1029743 1106523  899624 1068719 1082185]
199,[1082212 1082185 1135195 1098694  879699]
200,[1082185 5568378  823990  983584 1068719]
201,[1138292  972665 5569327 1106523 6034857]
202,[1029743 1082185  899624  962229 5569230]
203,[1082185 1068719  979707 1022254 1029743]
204,[1070820 1082185  923670 1131115  872137]
205,[1106523 1082185 1026118  916122 1122358]
208,[1070820 1106523 1082185  865456  979707]
209,[1068719 1101010 1082185  899624 1029743]
210,[ 899624 1106523 1044078 1082185 6034857]
211,[ 962229 1082185 1006878  945662  907099]
212,[1029743 1044078 1082185 1070820  844179]
213,[1082185  965766 1068719  979707 1022254]
214,[ 942341 7168286  852600 7168890  999563]
215,[ 916993 1082185 6391089 1096667  985999]
216,[1082185  986912  943169 6533936 1008547]
217,[ 916122  986912 1082185  919534 1029743]
218,[1022254 1029743 1077133  993430 1026118]
219,[1082185 1010578 1127831  866211 9653535]
220,[1029743 1082185  866211 1044078  865456]
221,[ 1130452  1082185  6424464  6424460 15926886]
222,[1126899 1082185  916122  866211 1105488]
224,[ 850925 1106523 1082185  899624 1029743]
225,[1029743 1082185 1043663  839152 1027068]
226,[1082185 1029743 1122358  866211 1068719]
227,[1082185 1011427 1094562  912860  996009]
228,[1082185 1126899  899624 1121393  917033]
230,[1029743 1044078  844179  913210 1089766]
232,[1029743 1068719  913210 1049922  964968]
233,[1082185  862535 1068719  979707 1022254]
235,[1070820  916122  976199  983584 1127831]
236,[1029743 1126899 1082185 1014948 1075368]
239,[1106523 1082185 1044078  835098  937292]
240,[1082185 1106523 1068719  979707 1022254]
241,[1082185  863447 5569230 1055504 1068719]
242,[1082185 1106523 1029743 1044078 1081177]
243,[1126899  866211 6034857 1082185  909714]
244,[1082185 5568378  866211  913210 6533681]
245,[1029743 1106523 1044078 1082185  844179]
246,[1082185 1106523 1029743 1070820  834117]
247,[1082185  883003 8090537  901062  905636]
248,[1126899 8119101 1082185  883003 5568378]
249,[1029743 1068719 1082185 1044078 1106523]
250,[1029743 1056509 1082185  951590 5568378]
251,[1070820 1082185  848029 1029743  907631]
252,[1082185 1068719  979707 1022254  965766]
253,[1044078 1106523  844179 1022254 5568378]
254,[1106523  862535 1082185  990797 1068719]
256,[1075368 5569230  948670 5568378 1082212]
257,[1106523 1082185 1029743 6396492 1093413]
258,[1082185 1070820 1044078 1029743 1104483]
259,[1082185 1087605 6391381 1062128  940947]
260,[1082185  913210 1070820 5568378 1081177]
262,[1082185 1124971  866211  971922 1004906]
263,[1029743 1044078  844179 1081177  901062]
264,[1082185 6391086 1127831  979707 1022254]
265,[1082185 1106523  979707 1068719  906026]
266,[1126899  854405 1082185  870547  965766]
267,[ 929373 1082185  901976 1106523 1068719]
268,[1051283 1082185  844179  866211 1068719]
269,[1139782 1082185 7409644 1004906 1131438]
270,[1082185 1106523 1028891 5569230 1112242]
271,[1082185 1126899 1040807 1068719  979707]
273,[1043663 1044078 1106523  865456  856818]
274,[1082185  993638 1106523 1068719  979707]
275,[1106523  918638  990797  819927  844179]
276,[1082185 1029743 1044078  944534  847803]
278,[1082185  871514 6034857 5568378  877770]
280,[1106523  916122 1082185 1044078 1029743]
281,[1070820 1082185  854852  999104 5569230]
282,[1029743 1082185  916122 1061402  957736]
283,[1070820  990797  916122 7409644 1125601]
284,[1082185 1029743 1068719  979707 1022254]
285,[1106523  899624  844179 1029743 1081177]
286,[1082185 1115069 1068719  979707  866211]
287,[1029743 1128240 1106523 1082185 1079395]
288,[1082185 1070820  983584 1026118 1098844]
289,[1082185 1104343  879445 1098248 1079941]
290,[ 962229 1029743 1013928 1082185 1068719]
291,[1106523 1082185  983584  845265 1122358]
292,[1106523 1082185  913210  933835  826835]
294,[1106523  983584 1082185 1029743  866211]
297,[1044078 1029743 5568378  899624  916122]
300,[1106523 1082185 1068719  956274 1029743]
301,[1044078  986912 1082185 5565322  907631]
302,[ 1082185 10344586  1068719  8293447   979707]
303,[1044078 1004906 8065410 1029743 1082185]
304,[1106523 1029743 1082185 6979753  844179]
305,[1029743 1133850 1082185  965766  885290]
306,[1082185 1029743  933835  844179 1101010]
307,[1065259 1019637 1074040  908314 1135468]
308,[ 5569230  1082185   963835   887102 13841744]
311,[ 1082185  1106523 10456613   916122  1029743]
312,[1102090 1082185 5564948  936830  866211]
314,[1082185  904241  882308  844179 1009187]
316,[1082185 1044078 1138443 1068719 5568378]
317,[1029743  983584  965766 1082185 1082212]
318,[5569230 1082185 1106523 7025203 1044078]
321,[1056509 1082185 1126899  901062 1004001]
322,[1070820 1082185  872137  844179  916122]
323,[1082185 1126899 1068719  979707 1022254]
324,[1090587  951188 1082185 1070820  901062]
325,[1082185 1029743  976199 1013389  979707]
326,[1082185 8090537 8090521  973016 1090931]
327,[1082185 1106523  907631  844179 1068719]
328,[1070820  925862 1024306 1026984  878996]
329,[1029743 1082185 1105488  901062  854852]
330,[1082185 1004906 1067695 1074040 1093113]
331,[1082185 1029743 5565322 5569135 5569230]
332,[1082185 1044078 1070820  998119 1029743]
333,[1106523 1082185  874750 1041796  916122]
334,[1082185 5569230 1106523 1029743 1068719]
338,[1082185 1026118 1029743 1106523  819840]
339,[1106523 1082185 1044078 1029743 5592931]
342,[1082185 1029743 1070820  925862 1106523]
343,[1082185  916122 5569230  951412 1068719]
345,[1029743 1106523 6602697 1104343 1068719]
346,[1029743 1082185  866211 1101010 1037863]
347,[1082185 1029743 1126899 1068719  979707]
348,[1068719 1029743 5568378 1025611  978129]
349,[1082185 1106523 1029743 1126899  824305]
350,[1082185 1044078  986912 1106523 1110244]
351,[1082185 1106523 8020166  844179 8249459]
353,[1082185  866211 1022254  909714  901062]
354,[ 916122 1056509  940947  860703  849202]
356,[1106523 1049735 1082185  947798 8357825]
357,[1126899 1082185 1040807 1122358  866211]
358,[5569230  976199 1068719 1106523 5568489]
360,[1082185 1068719  979707 5568378 1022254]
361,[1106523  933835 1044078  844179 1082185]
362,[ 986912 1126045 1081533 1082185  993638]
364,[1106523 1082185 1029743  916122  844179]
365,[ 1062128  1082185  1132771  1136719 13186440]
366,[12810422  1082185  1106523  1113111   916122]
367,[1070820  833724 1082185 1004001 1013389]
369,[1082185 1126899 1068719  979707 5568378]
371,[ 1068719  1137688  1022254  1078063 10284865]
373,[1082185 1106523 1068719  979707 1022254]
374,[1029743 1026118 1108094  990797 1081177]
375,[1029743 1082185 1106523 8090532 8090537]
376,[1044078  844179  965766  999270 1082185]
377,[1082185 1029743 1044078 1126899 1094924]
378,[ 1082185   944534   916990 13213475   979707]
380,[1082185 1106523  965766 1041796 1042544]
381,[1075368 1082185 1029743  933835 1068719]
382,[1082185  999250 1029743 1068719  979707]
383,[1126899 1082185  979707  854754  971983]
384,[1075368 1065538 1082185 1034176 1126899]
385,[ 933835  856252 1082185  866211 6034857]
386,[1082185 1044078 1106523  916122 1068719]
387,[1082185 1126899  897954  952408  916122]
388,[1029743 1082185  820612  833151 1068719]
389,[ 1126899  1082185  1022254 12781564  1056509]
390,[1082185 5569230 1029743 1058243  993638]
392,[ 916122 1022254  951412 1082185 1055425]
393,[1029743 1013928 1106523 1068719 1031316]
394,[1004906  901062 1029743 1070820  835098]
395,[1082185 1070820 1068719  926233  906844]
396,[1126899 1075368 1082185  879031 1131384]
397,[1029743 1126899  916122  933835 1043787]
398,[1029743 1082185 1022097 5981072  871513]
400,[ 1049735   872342 12695874   948384   827999]
401,[ 942166 7025046 1082185  965766 1070272]
402,[1106523 1082185 1004906 1029743  849202]
404,[9392953 1082185  979707 1044078 1081177]
405,[1101010  916122 1082185  948670  899624]
406,[1082185 1029743  865456  872137 1068719]
407,[ 1082185 15452705   983584  1068719   979707]
409,[1070820 1098248 1082185  979707 8119302]
410,[1029743 1082185 1068719  850925  979707]
411,[1106523 1082185 1029743 1056509  899624]
412,[1082185  995628  945909 1005274  865456]
413,[1106523 5569230 1082185  986912  970160]
414,[1029743 1106523 1042544 1082185  916122]
415,[ 864893 1082185 1068719  979707 1022254]
417,[1082185 1029743 6464165 6464147  976199]
418,[1029743 1070820 9677624  852360 1065061]
420,[1082185  866211 1068719  979707 1029743]
421,[1029743  976199 1082185 1126899  866211]
425,[ 837908 1044078 1082185 1106523 5568378]
426,[ 899682 1070820 1022254  854754 1082185]
427,[1082185 1029743  986912  948670  993638]
429,[1029743 1082185  998206 1056509  948670]
430,[1029743 1082185 1106523 1006483  983584]
432,[1044078 1082185 1029743 1004906  916122]
433,[1082185 1106523 5565202 1044078 1122358]
434,[1044078 1068719  919534  934639 1082185]
435,[1082185  909714 1068719  979707 1127716]
437,[ 962229 1082185  948670 1106523 1029743]
438,[1082185  899624 1070820  999599  951590]
441,[6533681 1082185 1038985 1019247  844697]
442,[1082185 1068719 1126899  979707 1022254]
443,[1082185 1106523 1070820  899624 1056509]
446,[1082185 1068719  979707  888586 1022254]
447,[1082185 1029743 1068719  979707  834962]
449,[1082185 1068719  979707 1022254 1041796]
450,[1029743 1082185  998206  933835 8015407]
451,[ 999189 1082185 1070820 1014388 1122358]
454,[1029743 5569230 1106523  844179 1044078]
457,[1029743 1082185 1065259 1106523 1052729]
458,[ 5569230 12810391  1082185   828588  1068719]
459,[ 1082185   885290 13008334  1058243  1068719]
460,[1082185  885939 1068719 1022254 1106523]
461,[1050851 1082185  897954 1004906 1029743]
462,[1082185 1105917 1137775 1022254  999858]
463,[ 1106523  1036093  1082185 15452705   927028]
464,[1029743 1082185 1056509  993638  883003]
466,[1082185 1025611  979707 1022254  965766]
467,[1106523 1082185  899624 1068719 1044078]
468,[1098284  965766 1131506 1082185 1122358]
469,[1098248 1082185  901062 1098435 1070820]
470,[ 908314 1082185  871633  930385 1024998]
471,[1082185 1106523 1127831 5569230 1068719]
474,[1029743 1082185  844179 1106523 1068719]
477,[1082185 1126899 1029743 1044078  979707]
478,[8203851 1082185 1068719  979707 1022254]
479,[1082185 1106523 1044078 1037840 1068719]
480,[1070820 1004906 1082185 5569230  976199]
482,[1082185 1029743 1106523 1044078  896974]
483,[1082185 1106523 1122358 1139216 1044078]
484,[1082185 1029743 1044078 1050851  916122]
485,[1029743 1082185 1083787 7168431 7166861]
487,[ 1082185   862682 12484491  1068719   979707]
489,[1082185  986912 1022254  901062  916993]
491,[1056509 1082185  976199 9676938 1126899]
493,[1029743 1070723 1082185  965766 1093697]
495,[ 1029743  1082185  1106523 12810391   852856]
497,[ 1082185 10285335  1070820  1029743   965530]
502,[1082185 1029743  979707 1106523 1022254]
503,[1070820  971983 1098248 1082185 1004906]
505,[1082185  962991 1068719  979707 1022254]
506,[1082185  999625 1068719  979707 1022254]
507,[1082185 1014948  960791  919766  858999]
508,[1101010 1025611 1082185 1108296 1106523]
510,[1082185  866211  844179  833724 1019643]
511,[1029743 1128240 1044078  983584 1082185]
513,[1093413 1132771 1018740  856252  844179]
514,[ 866211 1127831  923169 1126786  909714]
515,[1106523 1082185 5569230 1004906  916122]
516,[1082185  844179  979707 1126899 1022254]
517,[1082185  976199  866211  901062 1126899]
518,[1082185 1029743 1106523  979707  844179]
520,[1029743 1104343 1106523 1068719  913210]
521,[1082185 1029743 1106523 1126899 1056212]
523,[ 970861 1082185  908514  898121 9803601]
524,[1106523 1029743 1082185 1098248  866211]
525,[1082185 1014948 1117690 1004906 1026258]
526,[1082185  916122 5569230 1029743  834117]
527,[1082185  933835 6514259 5567582  912704]
531,[1082185 1029743 1054539  866211 5569230]
533,[ 899624 1029743 1106523 1082185  866211]
534,[1082185 1124695  832678 1068719  831937]
537,[1116635 1082185 1126899 1034176 1128163]
538,[1070820 1098844 1082185  866211 5568378]
539,[ 878715 1082185 1006184  856252  862799]
540,[  916122  1082185 12132685  1068719  1000237]
542,[1106523 1082185 1029743 1122358 1068719]
543,[1134296  879734  989409  951176 1082185]
544,[1082185 1068719  979707 1022254  965766]
545,[1082185 1040807  922127 8119302  949742]
547,[1029743 1082185  885290 1106523 1044078]
548,[ 1082185   970028  1098435   831181 10341855]
550,[1082185 1029743 1072523  854852  844179]
552,[1106523 1044078  899624 1069039 1082185]
553,[1029743 1068719 1082185 1106523  844179]
554,[1106523 1070272  824180 1082185  946839]
556,[1082185 1029743 1055504 1068719  970747]
557,[1126899 1082185 6034857 7409951  879280]
558,[1106523  844179 1082185 1044078  893018]
560,[1029743 1082185  933835 5592232 1044078]
562,[1029743 1082185 5568378  901470 1074333]
563,[1029743 9707461 1075368 1082185 9707078]
564,[1082185 1081177 1127831  844179  906335]
566,[1029743 1082185 1106523 1101010  865456]
567,[1106523  824502 1089766  986912  844179]
568,[1106523  907631 5568378 1038663 1070702]
569,[1082185  921406  981677 1112238 1002771]
570,[1082185 1029743 9676938 1044078 1004906]
574,[1029743  983584  891505 1082185  978906]
575,[5569230 1106523  890610  901062  976199]
576,[1082185  951412 6602697 5569230 8090537]
577,[1029743 1070820 1056509  940947  999104]
578,[1082185 8090521  854405 1129049 5570048]
579,[1082185 1068719  979707 1022254  965766]
580,[ 1056509  1118946  1041796   940947 12731544]
581,[1105917 1082185 1126899  983584 1022254]
582,[1082185 1029743 1022254 1081177  866211]
583,[5569230 1082185 8020166 1029743 1122358]
586,[1029743 1082185 1106523 1044078  844179]
587,[1082185 1068719  979707 1022254 1106523]
588,[1106523  866211  933835 1082185  951197]
590,[1106523 1082185  916122 1044078 1029743]
591,[1106523 1065017  862799 1035676 5569230]
593,[1106523 1082185 1104027  846760 1068719]
594,[1106523 1029743 1082185  844179 1122358]
595,[1106523 1082185  865992 1029743  856060]
596,[1068719 1082185 1106523 1044078 8090521]
598,[1105917  976199 1106523 1082185  872137]
600,[1029743  916122 1082185 5569230  983584]
602,[1029743 1082185  908283 1126899  999613]
603,[1106523 1082185 1029743  844179  933067]
604,[1070820 1082185 1029743  866211  900586]
605,[1106523 1126899 1082185  965772  947427]
606,[ 1029743  1082185  5569230   916122 12782182]
608,[1106523 1082185 1044078 1013928  866211]
609,[1082185 8090537 1044078 5569230 1038985]
610,[1082185  865456 1006184 1122358 1068719]
611,[ 1082185  1029743  6534030 12648296  8090536]
612,[1029743  839656 1103476 1138292 1044078]
613,[1082185 7025094 5569230  910673 1068719]
614,[1029743  965766 1106523  952408 1082185]
615,[1082185 1068719  979707  883003 1022254]
617,[1126899 1082185 1070820  951412 8090440]
618,[1070820 1106523  962229 1037840 1029743]
621,[1082185 1112825 1107039 1137775  844179]
622,[ 986912 1082185 1106523  844179 1029743]
623,[1082185  934427  844179 1029743 1068719]
624,[1106523 1044078  916122 1082185  899624]
630,[1082185 1106523 1070820  916122  976199]
631,[1082185  979707 1022254 1033142  899682]
632,[1029743 1082185 1070820  899624  916122]
633,[1106523 1075368 1029743 1070820  833940]
636,[1029743 1106523 8358933 1022254  866211]
637,[ 1106523  1082185 15926844   979707   926905]
638,[1029743  916122  844179 1044078  919534]
640,[1106523 1108168  983584  899624 1082185]
641,[1070820 1068719 1126899  983584 6034857]
643,[1029743 1082185 6534035 1024051  899624]
644,[1082185  948670  834117 1005274 1027168]
647,[1029743 1082185  844179  899624 1044078]
648,[ 899624 1026118 1082185  854852  839419]
650,[1082185 1068719  979707 1022254  965766]
652,[1051211 1082185 1075368  830503 1102416]
653,[1126899 1029743  979707 1056509  899624]
654,[1082185  937413 1040807 1104414  896974]
655,[1044078 1082185 1106523 1029743  872137]
658,[1082185 1029743 1044078  885290  979707]
659,[ 844179 1082185 1044078  863447  944534]
660,[1126899 1082185  916122  965766  951951]
661,[5569230  986912 1055403 1082185  829722]
662,[1070272 1082185 1029743  983584  913210]
663,[1082185 1029743 1106523 1088683  945662]
665,[1082185 1029743 1068719  979707 1022254]
666,[1106523 9677874 1082185 1044078  972235]
667,[ 1022254  1082185 12946027   852360   845208]
668,[1082185 8090537  948650 1022254  848319]
669,[1126899 1082185  971922 1098844 8090532]
670,[1029743  979707 1082185 1077373 1022254]
671,[1029743 1082185  847434 1056509  949151]
672,[1082185 1029743  983584 1068719  899624]
673,[1029743 1106523 1082185  868909 1080784]
674,[1029743 1122358  936914 1081177  916122]
675,[1106523 1082185 1022254  910673  870547]
676,[1106523  899624 1044078 1081177 1013928]
680,[1082185  900586  916122  844179  866211]
681,[ 856252  850102  890695  882604 9677447]
684,[1106523 1082185  847434  907099  929018]
685,[1097398 1015539 1044078  844179 1004906]
687,[5569230 1106523 1029743  844179  965766]
690,[1082185 1044078 1022254  976199 1006664]
691,[1082185 1006184 1044078 1050851  916122]
692,[1019643 1082185 1104343 1092669  972416]
693,[ 962229 1082185 1029743  916122 1070820]
694,[1037840 1031316 1082185  883932 1029743]
695,[1082185 1029743  933835  901062  844179]
696,[1126899 1082185  983584  933835  976199]
697,[1070820 1082185  866211  916122  879445]
698,[1082185 1106523 1029743  899682 1044078]
699,[1029743  899624  999104 5569230  962229]
700,[1082185 1106523 1068719  979707 1022254]
701,[5569230 5569374 5585510 1082185 1106523]
702,[1029743  916122  844179  865456  899624]
703,[5569230 1127831  901062 1041796  844179]
705,[1029743 1082185 1106523 1126899 1027168]
706,[1082185  835098 1070820  916122 1029743]
707,[ 827999 1014948 1062128  909714 1006184]
708,[1082185 1029743  909249  866211 1069609]
709,[1029743 1106523 1123022 1075368 1082185]
710,[1106523 1044078 1082185 1024051  955687]
711,[1082185  979707 1022254  983584 1026118]
712,[ 899624  872137 1070820 1082185  866211]
713,[5569230 1082185 1029743 1052294 1075368]
714,[1082185 1126899 1029743  899624  944139]
715,[1106523  885863 1029743 1082185  845975]
716,[1082185  979707 1126899 1022254  916122]
717,[1082185 1106523 1068719  979707 1016298]
718,[1082185  859075  856818  859010 7409644]
719,[ 933835  895930 1040807 1106523 1082185]
720,[1056212 1115069 1082185 1055504  873044]
721,[1126899 1082185 1087102 1117556 1041032]
722,[1106523 1126899 1082185  916122  830526]
723,[1082185  827079  916487  922651 1070820]
725,[1068719 1082185 1106523  899624 5568378]
726,[1082185 1022254  880427 5568732 1068719]
727,[1106523  916122  866211 1056509  872137]
728,[1029743  899624  844179  976199 1106523]
729,[1082185 1068719  979707 1022254  965766]
730,[1126899 8293447 1082185 1122358  954347]
731,[1082185  986912 1068719 1070820 1029743]
733,[1055403 1082185 1029743 1036939 1102250]
734,[1029743 1106523 1082185 6391381 1055504]
735,[1082185 1072523 1106523  901062  910032]
736,[1082185 1029743  866211  966778  955921]
740,[ 866211 1098248  976199 1022254  901062]
741,[1082185  916122  976199 1106523  823721]
742,[ 965766 1082185 1106523 5569230 1068719]
743,[1082185 1004906 1070820 1025581 1106523]
744,[1082185 1044078 1070820 1029743 6034857]
745,[ 854754 1022254  854852 1070272 8069350]
747,[1082185  844179 1086740 8090537 9836106]
748,[1082185 1122358 1044078 1106523  983584]
749,[ 1082185   866211 12946027  1029743  5569230]
750,[1082185  866211  919534 1044078 1106523]
752,[ 986912 1082185 1106523  916122 1100972]
753,[1082185 1029743  872137 1026118  899459]
754,[1005274 1126899 1016785  901062  841584]
755,[ 1082185  1100972  1137775 12782182 12781829]
757,[1082185  947201 1024065 1110111 1044078]
759,[ 1082185   906844  5568447 10150194  1068719]
761,[1029743 1106523 1082185 1068719  976199]
762,[ 986912 1082185  916122 1068719  844179]
764,[1106523 1029743 1082185  898847 1044078]
766,[1082185  908312 1098844  901062  848319]
767,[1042571 1082185 1068719  979707 1022254]
768,[1029743  834117 1082185 1081177 9526572]
769,[1106523  999858 1082185 1070272 5569230]
770,[1029743 1082185 1085138  928589  844179]
771,[1068719  976199 5568729 6034857 1082185]
773,[ 1082185   835973 10285005   962615  1068719]
776,[1082185  907631 1029743 1044078  844179]
777,[1082185 1046816 1126899 1028891 1070820]
779,[1082185  822259 1022254  979707 1033142]
781,[ 6514011 12946027  1082185   854405   910673]
784,[1082185 5569230 1068719  916122 1022254]
786,[5569230 1065538 1106523 1044078 1082185]
787,[1079528 1082185  999104  857538  885290]
788,[1044078 1029743 1082185 1081177 1106523]
789,[1082185 1068719  979707 1081177 1022254]
790,[1082185 7410320 1037089 1001656 8181555]
793,[1082185  947201 1127328 1029743 8090565]
794,[1082185  950638 1051211 1126899 1029743]
795,[1082185 1029743  866211  899624  979707]
796,[1082185  969866 1055504  890269  901062]
798,[ 1082185 13841744  6534030  1126899  9655679]
799,[1126899  901062 1082185  916122 1056509]
800,[ 916122 1117556  951412 8090532 1104343]
801,[ 976199 1082185 9245106 1029743 1126899]
802,[1082185  983584 1041796 1118946 1104343]
803,[1082185 5569230 1090349 1089637 9803483]
804,[1029743 1082185 1013928  957063 1044078]
805,[1029743  916122  899624  949023 1049922]
806,[1082185 5572308  915715 1139638 5588161]
807,[1029743 1126899 6034857  838186 1082185]
808,[1082185 1029743 1100972  986912  916122]
810,[1082185  993638  999250  962615 1125278]
811,[1082185 1029743  899624 1068719  979707]
813,[ 951412 1050851 1082185  883932  896862]
814,[1082185  907631 1004906 1068719 1101173]
816,[ 1075368  1082185   916122 13213475  9677366]
817,[1070820 1082185  866211 8090440 1026118]
818,[1082185 1029743 1004906  904833 6602729]
820,[ 1106523 12648296  1082185  1070820  1023815]
822,[1082185 1068719 1044078  979707 1022254]
823,[1082185 1106523  986912 1104343  979707]
824,[1082185 1106523  844179 1004906 1086061]
825,[ 1082185   915493  1031253  6034857 13071902]
826,[ 961620 1082185 1030093 1073546  986869]
829,[ 960791 1132771  933835 1075283 1082185]
830,[1029743 1106523  899624 1082185 1070820]
831,[ 916122 1004001 1082185  844179 5568378]
836,[1082185  990869 1126899 1037840  970202]
837,[1112825 1082185  901062  854852  844179]
840,[1029743  916122 1082185  965766  990256]
841,[1044078 1106523  863447  916122 1065259]
842,[1029743  916122 1106523  899624 1068719]
844,[1082185 1127831 1005898  923670 5566472]
845,[1082185 1126899 8090537 1009361 8090533]
846,[ 890695 1082185 1029743  829291 9296919]
847,[1136719 1062128  963835 1082185 1005274]
848,[6464027  877723  878996 1044078  990797]
850,[1106523  823990 1082185  834117 1128244]
852,[1082185 1126899 1106523 1070820  999104]
853,[9859017 1095751  871722 1082185  961979]
854,[1082185  849129  844179 7160764 1068719]
855,[1029743  916993  986912 1098844  951561]
856,[ 1029743  1082185   844179 10341855  1068719]
857,[1082185  866211 1051211 5569230 8090537]
858,[1082185 1068719  979707 1022254 5569230]
859,[ 1075368  1082185 13841744  5569230   866211]
861,[1106523 1062002 1082185  880150 1075796]
862,[1082185 1029743 1068719  864335 1037840]
863,[1082185 1070820 1029743 1037337  844179]
864,[1029743  933835  899624 1101010 1043751]
865,[1082185  899624 1075368 1106523 6443332]
866,[1044078 1106523 1082185  899624  983584]
867,[1075368 1082185 1106523  983584  916122]
868,[1082185  834117  912704 1022097  913210]
869,[ 826842 5592931 8019216  895680 1082185]
871,[1104343 1055425 1082185  983584  979707]
875,[1082185 1068719 1126899  979707 1004001]
876,[1003649  916122 1082185  843418 1123106]
877,[1126899 1082185  989683  899565  872137]
878,[ 1106523  1082185   947798 15926886  1108131]
879,[1082185 5569230  916122  844179  880150]
880,[1082185  866211 1068719  979707  910673]
881,[1082185 1029743 1044078  916122  844179]
882,[1044078 1106523 1029743 1043751 1082185]
883,[1029743  916122 1082185  844179 1022254]
884,[1082185 1015539 1014388 1106523 1029743]
885,[1106523 1004906 1082185 5587656 1006483]
886,[1082185 1004001 1070820 1022254  979707]
887,[1082185 5585510 1025611  950894  910673]
888,[ 916122 1082185 1029743  933835  990797]
889,[1126899  859075 9485437  970202  983316]
891,[ 866211  995965  983584 1106523  854405]
893,[ 916122 1106523  872137  895295  923314]
894,[1082185 1106523 1029743  979707  921406]
895,[1082185  866211 5995603  868888 7024847]
897,[ 928263 1082185 1029743 1070820 1101010]
898,[1026118 1022254 1082185  848319 1127831]
900,[ 986912  844179  948670 1137771 5569230]
903,[1082185 1029743 1068719  983584 1126899]
904,[1082185 1106523 1044078  836445  913210]
906,[1082185 6979248  957951  911974  860703]
907,[ 986912 1082185 1106523  916122  896613]
908,[ 916122 1082185 1029743 1106523 1104343]
909,[1029743 1082185  948670  979707 1044078]
911,[1082185  979707  901062 1055425 1024306]
913,[1070820 1082185 1029743  834117  994223]
914,[ 1082185  1033142  1068719 12302069   862335]
915,[1068719  880150 1128163 1082185 1116635]
916,[1082185 1075368  824193 1126899 1106523]
919,[1029743 1106523 1082185  947798 1012315]
920,[1106523 1082185 1097001 1044078  844179]
922,[ 1082185  1126899  1098248   979707 12384779]
924,[1029743 1082185  916122 1075470 8205252]
926,[1138443 1082185  916122 1087102  971922]
927,[1082185  916122 1127831 1126899  948298]
928,[1029743  866211 1082185 1022254 1037863]
929,[1070820 1044078 1082185  890695  986912]
930,[1082185 1050741  850102 1029743 1022428]
931,[1126899 1029743 1042544 1068719  913210]
934,[1029743 1106523 1068719 1044078  965766]
935,[1082185 1126899 1127831 1068719  979707]
936,[1029743 1106523  916122  899624  983584]
937,[1126899 1134810 6034857 1021116 1082185]
939,[ 1106523  1029743  1082185 13841744   899624]
940,[10456164  1082185  1006184  1019637  1074040]
941,[1082185 9677236 5568729  979707 1022254]
942,[1029743 1015539 1044078 1014388 1082185]
943,[1106523 1082185 5592931 1044078  899624]
944,[ 979707 1101010 1029743 1070820 1106523]
946,[1082185 1068719 1004906 1106523  866211]
947,[ 1082185 12731544   883003  1038745   895930]
949,[ 1029743  1082185  8090537  8090521 13115579]
951,[1029743 1082185 6534074 1068719  979707]
952,[1075368 1082185 1029743 1122358 1037840]
953,[1082185 1029743 9419525 6034857  854852]
954,[1082185 1068719  979707 1022254  965766]
955,[1106523 5568378  866211  844179 1041796]
956,[ 986912 1070820 1082185  944534  933835]
957,[1032703 1082185  943522  926206  965009]
959,[1106523  899624 1082185 1029272 1004906]
960,[1082185 1030406 6979437  872137 1022254]
961,[1082185 1070820  916122 1029743  909249]
964,[1082185 1029743 1051211 1106523 1068719]
965,[1082185  999779 1106523 1050851  871756]
967,[1082185  980943 1044078 5585510 1068719]
968,[1106523 1029743  916122 1044078  983584]
969,[1082185 1029743 5569230 1086119 1068719]
971,[1075368 1082185 1029743  866211 1070820]
972,[ 6632283   832678 13008334  6704207   982790]
973,[ 1120190  8118764   885406   878996 13007065]
974,[5569230 1106523 1029743 1082185 1068719]
975,[5569327 1098248 1045228  995965  944836]
976,[1082185 1026118  933835  977658 5569230]
978,[1106523 1070820  916122  912704 1042907]
979,[1082185 1106523 8066803 5568378 1029743]
981,[1082185 1068719  866211 1029743  979707]
982,[1082185 1126899 5569230  866211 1029743]
983,[1029743 1044078 1082185  965766 1075368]
984,[1082185 1106523 1022254 1029743 1116741]
985,[1029743 1082185 1040807 1122358  916122]
986,[1082185  916122 1029743 1116635 8090440]
987,[ 986912  916122 1082185 1106523 1126899]
988,[1070820 1106523 1082185 1068719  844179]
989,[1029743 1106523  899624  916122 1044078]
991,[1082185 9553176 1068719  979707 1022254]
992,[1082185 1068719  979707 1022254 1041796]
993,[1082185 1101010  916122  971922  993638]
996,[1082185 9296919 1081177 1029743  845208]
997,[1070820 1080867 1137346  992649 1082185]
998,[1082185 1106523 1068719 1037840 1044078]
999,[1029743  983584 5569230 1082185 5568378]
1000,[  986912  6034857  1131438 12427353   854852]
1001,[ 997987 1082185 1135834 8090570 5569327]
1003,[1082185 1029743 1070820 1044078 5569230]
1004,[6979248 1029743 1082185  897083  995628]
1005,[1044078 1031864 1108168  954102 8090532]
1007,[1082185 1029743 1044078  834117 5568732]
1008,[ 910473 1082185 1068719  979707 1115971]
1010,[ 953539 1076954 1082185 1127831 1036093]
1011,[1029743 1126899  916122 1082185 1031253]
1012,[1082185 1070820 8090440  986912 1068719]
1014,[ 976199 1082185  948670 1029743 1104343]
1015,[1082185  947412 1058068 1101104 1125391]
1018,[1082185 1070820 1018740 1075368 1068719]
1019,[1082185 1106523 1043663 1029743 5567325]
1020,[1070820  899624  844179 1022254  965766]
1021,[1082185 1029743  866211  979707 1022254]
1023,[ 847241 6463649  974204 1000493  963835]
1024,[ 933835 1043751 1082185 1038663 5568378]
1025,[1044078 1106523 5568378  846764  983584]
1027,[ 899624 1082185 1101010 1126899 1132771]
1029,[1022254  885290  896666 1126899 1021416]
1030,[1082185 1070820 1068719  979707 1135834]
1034,[1082185 1126899 1125278  907099 1131529]
1038,[1082185 1068719 1106523  979707 1041796]
1039,[1029743 5569230 1044078  835098 1082185]
1040,[ 1075368  1126899  1082185 15926507  1002178]
1041,[1106523 1029743 1082185 1068719 1044078]
1042,[ 916122 1082185 1044078 1121384 1027168]
1043,[1082185 1068719  979707 1022254  965766]
1045,[ 985893 1029743 1082185  834117 9707461]
1046,[1126899  888104 1082185  844179  908312]
1047,[ 899624 1082185 1029743  844179 1044078]
1050,[1106523  899624 1044078 1004906 1068719]
1051,[1029743 1082185  951590 1068719  883932]
1053,[1082185  979707  835279 6602327 1107839]
1057,[1117219 8090532 1079528  916990  892531]
1058,[10341855  1082185   883003   844179  1044078]
1060,[1082185 1068719 1022254 5569230 1041796]
1061,[1106523  899624 1044078 5565802  870843]
1062,[1082185 1022254 1068719  979707  986912]
1064,[1082185  916122  990797 1070820 1043494]
1066,[1082185  924352  885290  944534  835098]
1067,[1029743 1126899 1082185  866211  916122]
1068,[1082185 1025611 1029743 1106523 1070820]
1069,[1029743  999858  865456  923314  844179]
1070,[1082185 1029743  856345  983584 1044078]
1071,[1082185 1029743  986912  985999 7168026]
1073,[5569230  965766 1082185  916122  893221]
1074,[1029743  965766 1082185 1041796 1105917]
1075,[ 1029743  1082185  1106523 10149640   910673]
1076,[1082185 1075368 1106523  865456 1089954]
1077,[  879504   835098   937292 12731714  1082185]
1078,[1082185 1106523 1126899 1026118 1098844]
1080,[ 899624 1068719 1082185 1029743 1106523]
1081,[1082185 1106523 5569230 1068719 1029743]
1082,[1106523 1082185  988202  863447  844179]
1083,[ 1082185  1106523   899624 13073225  1029743]
1084,[1082185  844179 1122358 1106523  847241]
1085,[1029743 1106523  844179  908318 1082185]
1086,[1082185 1076954  832678  844179 1008074]
1087,[ 1106523   899624   844179 12301405  1082185]
1088,[1045478 1082185 1044078 1127025 1106523]
1089,[ 947798 1029743 1082185 1108168 1031316]
1090,[1082185 1106523 1022254 1068719  979707]
1091,[1029743 1082185  965766 1139142 5569230]
1092,[1082185 1128016 1098284 1034956  983584]
1093,[ 962229 1029743 1082185 1106523  899624]
1094,[1029743  904236 1082185  933835  976199]
1096,[1082185 1106523 1068719  979707 6773232]
1097,[1106523 8090440  958027  981677 1082185]
1098,[10341855   908314   899624  1135468  5585510]
1100,[ 1082185   910473   896804 12808385  1068719]
1102,[ 866211 1082185 1029743  865456 1044078]
1103,[1126899 1082185 1029743 1051211 1070723]
1104,[ 986912 1065979 1082185 1114605 1040812]
1105,[1082185 1068719  979707 1022254  965766]
1106,[12757316  1082185  1068719   979707  1022254]
1108,[1082185 1068719 1029743  979707 1022254]
1109,[ 899624 1070820 1115576 1082185 1056509]
1110,[1775642 1018007 1070820  916122 1082185]
1111,[1025650 1082185 1026118 1106523  872826]
1112,[1082185 1075368  866211  976199 1048068]
1113,[1126899 1082185  909714 1029743  916122]
1114,[1082185 1029743 1068719  979707 1022254]
1115,[1082185  976199 1022254  951954 1068719]
1117,[1106523 1029743 1082185  916122  983584]
1119,[1082185  866211 1029743 1044078  940947]
1120,[1082185  896613 1029743  916122 1122358]
1121,[1106523 1029743 1070820  872137  962229]
1123,[1082185 1126899 1070820 1098844 1041796]
1124,[1082185 8090521 8090537 1106523 5569230]
1127,[1082185 5585510 1068719  979707 1029743]
1128,[1082185  921406 1044188 1106523  999198]
1129,[ 909714 1126899 1082185 5569230 1029743]
1130,[1044078 1082185  918345  844179 1006184]
1131,[1082185 1029743 1075368  916122 1044078]
1132,[1044078 1082185 1025611 1106523  922561]
1133,[1029743 1082185 1106523 1098844 1122358]
1134,[ 948670  916122 1070820  901062 1082185]
1135,[1082185 1029743  979707 1022254 1068719]
1136,[1082185 5569230  999779 1029743  907631]
1137,[  924667   935527  1082185   885290 12301405]
1138,[ 941515 1015539 1097398 1082185 1106523]
1139,[ 833724  872137  942077 1082185 1131625]
1141,[ 1029743  1082185 13841744   910673  1044078]
1142,[ 916122 1067695  908318 1082185 6034857]
1145,[ 986912 1082185 1044078  916122 1106523]
1146,[1029743 1106523 1082185 1044078 1124695]
1147,[6034857 1106523 1082185  883932  870547]
1149,[1082185 1026118 1068719  979707 1022254]
1151,[1082185 1122358 1112754 1136524 1106523]
1152,[1082185 5569471  963234 1110111 5569374]
1154,[1106523 1000148 1082185  983584 1001333]
1155,[1082185 1106523 1044078  899624  916122]
1157,[1070820 1082185  916122 1069506  965766]
1158,[1044078 1049735 8357825 1124695 1082185]
1159,[1082185 8090532 1068719  989683  956672]
1160,[1106523 1082185 1044078 1068719  844179]
1161,[1082185 1106523 1126899 1070820 9419525]
1163,[1044078 1082185  899624 1029743  916122]
1164,[1070820 1098892 1029743 9803819 1082185]
1166,[1029743 1082185 1068719 5568447 1135006]
1167,[1082185 1070820 1062002  866211 1004001]
1168,[1082185  983584 1106523 1055044 1040807]
1169,[12946027  1106523  1022254  1025611   883003]
1171,[1082185 1068719  979707  864893 1022254]
1172,[1068719 1029743 1122358  963686  970866]
1174,[1082185 1106523 1068719 1031087 1110042]
1175,[8066803 1082185 1098844 1028891  962266]
1176,[1082185 1068719  979707 1022254  965766]
1178,[1104343  916122 5569230 1004906 1082185]
1179,[1056509  962229  933835 1082185 6514011]
1180,[1106523 1029743  965766 1122358 1082185]
1182,[1106523  899624 1082185 1044078 5592931]
1183,[1082185 1106523 1044078 5590613 1068719]
1185,[1106523 1082185 1059902  895930  930666]
1186,[ 1126899  1082185  1098844 12946027  1044259]
1187,[1106523 1082185 1068719 1022254  990797]
1188,[ 1082185 15926844  1044078  7409874  1131384]
1189,[1106523  904997 5569230  819840 1082185]
1190,[1029743 1082185 1116635  928263 8090537]
1191,[5569230 1075368 1135834 1082185  986912]
1192,[1082185  979707 1022254  965766 1041796]
1193,[1013928 1106523 5569230 1082185 1075470]
1194,[1044078 1106523 1038745 1082185 1022254]
1195,[1082185 1029743 1075368 1002787 1068719]
1196,[ 901062 1012801  854852 1070820  857503]
1197,[1029743 1082185 1106523  856252 9677466]
1198,[1082185  900586  915064 1005274  879506]
1201,[1082185 1029743 1056509 1068719  979707]
1202,[1082185  916122 1068719  845208  979707]
1203,[1044078 1106523  916122  866211 1082185]
1204,[1037840 1106523 1082185  917033 1044078]
1205,[1029743 1106523 1044078  972931  870547]
1206,[1029743 1106523 1044078  916122 1132771]
1207,[1082185 1070702 1037840 1068719 7433930]
1208,[1082185 1106523 1044078 1068719 1114653]
1209,[1082185  953539 1068719  979707 1022254]
1210,[1082185 1070820 1051516 1068719  979707]
1211,[1070820  977927 6034577 1022254  872137]
1214,[1082185  961979 1068719  979707  993638]
1216,[5569230  946995 1082185  844179 5568378]
1217,[1029743 1075368 1082185  866211  916122]
1218,[1082185  916122 1070820 5569230 5568378]
1219,[1082185  844179 1068719  979707 1090711]
1221,[1029743 1082185 6034857 1068719 1123022]
1222,[1044078  916122  933835 1091090 1082185]
1223,[1082185 1029743 1106523  930283  891505]
1224,[1029743 1068719 1082185 1070820  865456]
1225,[1082185 1106523 1029743 1070820 1087102]
1226,[1082185 1070820 1106523  913210 6463445]
1227,[ 862070 5568378 1082185  973916  823721]
1228,[ 866211 1082185 1068719 1106523 1022254]
1229,[1070820 1127831  916122  979707 5569230]
1230,[1082185 1068719  979707 1022254 1106523]
1231,[1029743 1082185 1070820  955431  916993]
1234,[1082185 5568378 8090556  844179 1127716]
1236,[5569230  965766 1106523 8090521 1044078]
1238,[ 962229 1029743  872137  890610 1082185]
1240,[1070820 1026118 1126899 6034857 5568378]
1241,[1082185 5569135 1029743  957063 1122358]
1242,[1082185 1068719  825343  979707  916122]
1245,[1044078 1082185  896974 1037863  834117]
1246,[1126899 1029743 1108094 9655676 1070820]
1247,[1126899 1029743  899624 1056509  921504]
1248,[1106523  971922  914753  888054  885290]
1249,[1106523 1082185 1068719  916122  979707]
1252,[1082185 1119946  899624 1068719  979707]
1255,[1082185 1068719  979707 1022254 1106523]
1256,[1000542  976293 1082185 9837092 1137688]
1257,[1082185  979707 1022254 1068719  866211]
1258,[1082185  872137  983000 1051211  916122]
1259,[1082185  916993 1037332 6533608  844179]
1260,[ 949257 1098248 1082185  999104  979452]
1261,[1106523 1082185 1055504  986912 1070820]
1262,[1082185  844179 1106523 1029743 5569230]
1263,[ 1082185  1029743  6602697 12262778  1068719]
1264,[1087618  972418 1082185 1070820 1052294]
1265,[1042544 1082185 1054402 5569230 1029743]
1266,[12810391   899624   863447  1082185  9835223]
1267,[ 1082185   916122  1098844 12171656   979707]
1269,[1082185 1044078  899624  827919 1070820]
1270,[1106523 1082185  899624 1004906  900802]
1271,[1029743  947412 1070820  847066  921763]
1272,[ 916122  974766 1082185  948670  915493]
1274,[1070820 1091342 8090537 8090521 5568378]
1277,[1106523  916122 1006483  990797 1082185]
1278,[1082185 1106523 1086061 1068719  979707]
1279,[1106523  965766 1004906  866211  854852]
1280,[1082185 1068719  979707 1022254  965766]
1281,[1082185  901976 1068719  979707 1022254]
1282,[1106523 1029743 1044078 1081177 1068719]
1283,[1082185 1068719  844179  979707 1022254]
1284,[15926886   999779 15926844   899624   893018]
1285,[5569230  916122 1106523 1082185 1004906]
1287,[ 965766 1042438  872137 1082185 1041796]
1288,[1081177 1082185 1106523 1090587 6039859]
1289,[1029743 5569230 1106523 1055155 1064213]
1290,[1082185 1068719  979707 1022254  965766]
1291,[1106523 1082185 1044078  872137  844179]
1293,[1044078 1106523 1029743  944534  880150]
1294,[1126899  916122 1070820  901062 1082185]
1295,[1082185 1029743 7410335 1038663  916122]
1296,[1082185  901062  908318 7467039 1084211]
1297,[1082185 1029743 1026118 1126899 1106523]
1298,[1004906 1029743 1082185  899624  931255]
1299,[1029743 1106523 1082185  899624  916122]
1300,[1106523 1082185 1126899 1044078 1070820]
1303,[1029743 1082185  976199  843339  913210]
1304,[1029743 1129609 1082185 1106523  871611]
1305,[1013928 5569230  983584 1106523 1103808]
1306,[ 1068719   844179  1082185  1029743 12301839]
1307,[1082185 1075368 1006483  986912 1068719]
1310,[1082185  916122 1068719  979707 1022254]
1312,[1082185 1029743 1098248 1126899  866211]
1313,[1029743 1082185  899624 1068719  979707]
1314,[1029743  910473  976199 1050741 1138423]
1316,[1029743 1082185  870547 1070820 5568378]
1317,[1029743  923314 1016298 1082185  947798]
1318,[ 1082185   925862 13115407   849466   852235]
1319,[1082185  916122 1029743  844179  831628]
1321,[ 1106523  1082185 12810393   893018  1113381]
1325,[1098844 6602327  890423 9419977 1138423]
1326,[1029743  983584 1044078  899624 1056509]
1328,[1029743 1082185  866211  875089 5569230]
1329,[ 866211 1082185 1098248 9526628  986912]
1330,[1106523 1082185  880888 5569230  856252]
1331,[1029743 1041796 1044078 1031316 1082185]
1332,[1082185 1062128 1112205  866211  986912]
1333,[ 1126899  1082185   888586 13841744  1055425]
1334,[1082185 1068719  979707 1022254 1044078]
1335,[1082185 1010681 1068719  853448  979707]
1336,[ 916122 1082185  979707  883003 1044078]
1337,[1029743  962229  983584 5569230 1070820]
1338,[1106523 1044078  940731  899624 1082185]
1340,[1082185 1068719  979707 1022254  965766]
1342,[1082185 1068719  979707 1022254  965766]
1343,[1082185 1068719  979707 1022254  965766]
1344,[1029743 1008288  919534  834117 1082185]
1346,[1082185 1006184  916122 1082212 5568758]
1347,[1029743 1082185  917033  849202  913210]
1350,[1029743 1106523 1082185  965766 1059902]
1351,[1082185 1029743 1043751 1106523  819978]
1352,[1082185  915493 6602697  866211  872137]
1353,[ 1106523 15926844   844179  5568729  1082185]
1354,[1082185 1081533 9527159 1126045  916122]
1355,[1082185 1068719  979707 1022254  965766]
1356,[1070820 5569230 1082185 1102829 1047769]
1357,[1082185 1070820  866548  983096  983897]
1358,[1029743 1070820 1082185 1068719  866211]
1359,[1106523 1029743  916122  883003 1082185]
1360,[1082185 1076954 1068719  979707 1022254]
1361,[1082185 6034857 1068719  979707  951412]
1362,[7168026 1097350 1082185 7169088  921406]
1363,[5569230 1029743  933835  979707 1098844]
1364,[1082185 1029743 1070820 1022254  979707]
1366,[ 1101010   901062 14106445  5566800   922561]
1367,[1070820 1126899 1116635  940947 1105301]
1368,[ 5569471   916122   944137 12263692  1070820]
1369,[1126899 1082185  985889 1011926  916122]
1370,[5563693 1105917  844179 1068957 1001333]
1373,[1082185 1014948 1090793 5569230 1068719]
1374,[1106523 1004906 1082185  944534  871611]
1375,[1022254 1029743 1106523 6602697  872137]
1376,[1029743 1082185 5568729  919534  899624]
1378,[6552318 1082185 5585510 9653535  859427]
1379,[1029743  899624  962229  916122  840227]
1380,[1082185 1029743 1004906 1068719 1106523]
1381,[1082185 1106523 1068719  979707 1022254]
1382,[1082185 1029743 1044078  844179 1106523]
1383,[ 1034176  1082185 15926507  1060292   916122]
1384,[ 985999  880150 1082185 1004906 1029743]
1385,[1106523 1029743  878996 1105917 1122358]
1387,[ 916122  854133 1082185  844179  899624]
1388,[1042544 1082185  990797 1041796 1068865]
1389,[1082185 1053628 5568447  899624 1121694]
1390,[1082185 1029743  916122  872137  995628]
1391,[1106523 1082185  872137 7410320  852856]
1393,[ 1082185  1126899  8181451   901062 12757544]
1394,[1082185 1106523 1125601  845975 1101437]
1395,[1082185 1126899 6533608 1030577  983584]
1397,[1106523 1029743  880150 1068719  901976]
1398,[1082185  882489  844179 1068719  999779]
1399,[1082185 6034857 1093571 1029743 1004001]
1401,[1044078 1082185  844179  916122 1126899]
1402,[1106523 1082185  937292 1104343 1068719]
1403,[1082185 1070820 8090521 1075368 1106523]
1405,[1082185 1029743 1106523  976199  871563]
1406,[1082185 1029743 1106523 1044078  872137]
1408,[ 1029743 15452705  1082185  1106523  1039927]
1409,[  863447  5569230  1116050 12810393  1082185]
1410,[1029743 1106523 1082185  872137 1031316]
1412,[1029743 1082185  885290  965766 1068719]
1413,[1082185 1051323  824931  892531 1068719]
1414,[1126899 1082185 1068719  979707 1022254]
1417,[1082185 1106523  913210  865456  916122]
1418,[ 1082185  1070820 15926886  1029743   976199]
1419,[1106523  925364 1048727  844179 1014732]
1421,[1029743 1044078 1106523  844179 1082185]
1423,[13008334  5981267 13007355 13007435  1056509]
1425,[1029743 1101010 1044078 8090521 1082185]
1426,[1029743  919534 1082185  983584 1106523]
1427,[1029743 1082185  996009 1044078  844179]
1428,[1029743 1068719 1082185 1106523  835098]
1429,[1082185 5591939 1013531  983096 1068719]
1430,[5569230 1126899  885290  856345  866211]
1431,[1029743  998119  916122 1082185 1021324]
1434,[1106523 1075368 1082185 1068719 1004906]
1437,[1029743 1082185 1044078  844179 5569230]
1440,[1106523 1043751 1029743  916122 1082185]
1443,[1082185  906844 1057168 1063907  979707]
1445,[1029743 1044078 1070820 1082185 6034857]
1447,[1082185 1068719  979707 1022254 1029743]
1450,[1082185  899624 1068719 1029743  916122]
1451,[1082185 1070820  957951  999779 1036262]
1452,[1106523 1029743 1013928 1082185  837495]
1453,[1062128 9242918 6602697  986912 1092588]
1454,[1082185 1029743 1098248  979707  976199]
1457,[1106523  863447 1044078  910673 1082185]
1458,[1105917 1075368  976199 1082185 1083787]
1459,[1106523  872137 5569230  844179 1082185]
1461,[1082185 1029743  866211 1044078 1022254]
1462,[1082185 1022254  885290 1031447 1060543]
1463,[ 986912 1106523 1082185  835300  916122]
1464,[1029743 1082185  983584 1004906  866211]
1465,[1082185  976199  824180  916122  872137]
1466,[1082185 1029743 5569327  916122 1000462]
1467,[1029743  986912 1082185 1070820 1097001]
1470,[1029743 1070820 1082185 1063739  986912]
1471,[1082185 1068719  979707 1022254  965766]
1473,[5568729 1126899  866211 1098844 1104343]
1474,[1082185 1106523 1037840 5568378 1027068]
1475,[ 916122 1056509  844179 1070820  972931]
1476,[ 907099 1057749 5570383 1121393 1115576]
1479,[ 1029743 10149640  1110244  1100972   932462]
1480,[1082185 1068719  979707 1022254  965766]
1481,[8358065 1029743 1082185 1068719 1004906]
1483,[ 844179 5569230 1044078 1070820  990797]
1484,[1082185  944836  995628  916122 1004906]
1485,[1082185 1106523 1029743 1043787 5569230]
1487,[1082185 5569230  899624 1029743  940947]
1488,[1029743 1082185 1126899 5568378 5569327]
1489,[1029743 5569230 1044078  856252  983584]
1490,[ 863447  916122 9297574 8290421 1082185]
1491,[1082185  981677  901062  928749 1039441]
1492,[ 1082185  1029743  1044078 12731517  1099862]
1493,[1082185 1106523 1068719  979707 1132771]
1494,[1068719 1029743 1044078 1004906  824180]
1495,[1081177 1068719 1108131  969866 1082185]
1499,[ 1082185 14106445   963365  1068719   947201]
1500,[1082185 1059153 1044078 1004906 1022254]
1501,[1070820 1082185  872137 1121393 1004906]
1502,[1082185 1070820  866211 5569327  825123]
1506,[ 1044078 12301100   869047  1004906  1082185]
1507,[13841744   936355  1082185  1043751  1106523]
1508,[1082185  872137  871722 1126899  951412]
1509,[1029743 1082185 1016800  903800 1110218]
1510,[ 986912 1001475  899624 1051211 1082185]
1511,[ 1106523  1029743 15452705  1135834   983584]
1512,[1082185 1029743 1106523  983584  866211]
1513,[ 1082185  1029743  1044078  1068719 12262830]
1514,[1126899 1006184  995965 1121393 1027168]
1515,[1029743 1082185  962229 1137688  916122]
1517,[1082185 1070820 1044078  844179 1053282]
1518,[1082185 1106523 1029743  825343 1068719]
1519,[5569230 1070820  854754 6034857  936914]
1520,[ 1029743  1082185 15926844   899624   880150]
1521,[1082185 1029743 1068719  965766  916122]
1523,[1082185 1029743 1126899 1044078 1056509]
1524,[1082185 1126899 1114251  942341 8358383]
1525,[1029743 1082185  866211 1004906  871756]
1526,[ 986912  900586 1109778 1082185  864335]
1527,[1029743 5569230 1082185  866211 1068719]
1528,[1029743 1075368 1082185 1044078  916122]
1529,[1106523 1082185 1069039  844179  899624]
1530,[ 936830  938300 1082185 1029743  999104]
1531,[1082185  979707 1022254  965766 1041796]
1532,[1113164 1082185 1067425  911609 1101010]
1533,[ 971474 1082185 1113381 1068719  979707]
1534,[1070820 1082185  916122  851146  999198]
1535,[  844179 12810393  1106523   944534  5568378]
1536,[1126899 1082185 1029743 1075368  899624]
1537,[1029743 1082185 1106523 5569230 1126899]
1539,[1082185  824193 1068719  979707 1022254]
1540,[ 1082185  1106523 15926844  8015407  1100972]
1541,[1004001  931579 1029743 1012801  916122]
1542,[1082185  942166  935993 1029743 1004906]
1543,[1082185 1029743  899624  916122  870515]
1545,[1106523 1082185  844179  916122 1022254]
1546,[1029743 1082185  907631  916122  965766]
1547,[1082185  829722 1068719  979707 1022254]
1548,[ 916122 1029743 1044078  965842  838186]
1549,[ 986912 1082185 1122358 1106523 1029743]
1550,[1106523 1082185 6602697 1044078  899624]
1552,[1029743 1082185  944836 1010185  930666]
1553,[1082185 1068719  979707 1022254  965766]
1555,[1082185 1029743 1106523 1068719  979707]
1556,[1044078 1082185 1068719  880150  844179]
1557,[1082185 1106523 1098248 1026118 1117514]
1558,[ 839438 1082185  916122 1030093 1075368]
1559,[1075368 1082185 1026945 1026118 1068719]
1560,[1082185 1029743 1121384  916122 1022254]
1563,[1029743 1126899 1082185  899624  979707]
1564,[1082185 1068719  979707 1022254  965766]
1566,[ 943940 1081177 1022254  979707 1118623]
1567,[1082185  934639  835300 1098248 1084036]
1568,[1106523 1082185 1068719 1050851 1041796]
1569,[1082185 1106523 1029743  890269  933067]
1570,[1082185 1041796 1029743  979707 1112825]
1571,[1082185 1070820 1068719  979707 1022254]
1572,[1082185 1005274 9835509  982755  915459]
1575,[ 901062 1082185 1022254 1070820 6034857]
1576,[1029743 1037863 1082185 1068719  979707]
1577,[1029743  979707  823721  866211  969725]
1578,[1029743  916122 1082185 1075368 1044078]
1579,[1029743  983584  916122  844179 1068719]
1580,[1029743 1082185 1044078  916122 1079987]
1581,[ 916122 1082185  884694  909714 1029743]
1584,[1106523 1029743  899624  901062 1028891]
1585,[1082185 5568729 1126899 5569471 1022254]
1587,[1029743 1082185  976787 1051211  899624]
1588,[1082185  866211 6602697  901062  909714]
1590,[1026118  944836  965766  854852  910207]
1591,[1070820 1082185  896085  916993  907631]
1592,[ 1082185  1128938  6391134   819840 10201384]
1593,[1029743 1082185 5569230 1044078  979707]
1594,[1106523 1112754 1022254  865456 1068719]
1595,[1110042 1082185  933835  971922 1132771]
1596,[1042571 1082185  901776 1046816 1091090]
1598,[1029743 1044078 5568378 1106523 1056509]
1599,[ 944137 1106523 1068719  842423 1013928]
1600,[1082185 1093413 1136755  896974 1025611]
1602,[1082185 1070820 1029743 1126899 9836434]
1604,[ 832678 1051211 1082185 1105301 9858819]
1607,[ 1082185 13776705  8090539  1068719   979707]
1608,[1082185 1106523 1029743 1026118  979707]
1609,[1082185 1029743 1127831  866211  916122]
1611,[1082185 1029743 1037840 1068719  910473]
1612,[1070820 1082185 7167865 1126899 1026118]
1614,[6773232 1055504 1116050 1063739  979707]
1618,[1082185 1070820  893221 1006184  921763]
1619,[ 916122 5563693 1117514 1082185 1044078]
1620,[1106523 1068719 1044078  844179  916122]
1621,[ 972931  844179  933835 1004906 1106523]
1622,[1029743 1031864 1030577  948384  849066]
1623,[1106523 1044078 1082185 1068719  883932]
1624,[5569230  986912 1082185  819840 1026118]
1627,[1029743 1070820 1068719 1082185  824305]
1628,[1082185 1106523 1085983 1068719  979707]
1630,[1107760 1106523  864893  948670 8090653]
1631,[1029743 1044078  844179  983584 1004001]
1632,[1082185 1070820  999104  913210 1062002]
1633,[1029743  916122  899624 1004906 1020962]
1634,[1082185 1070820 1029743 1075368 8090537]
1636,[1082185 1068719  979707 1022254  965766]
1637,[1082185 1014948 1053282 1132911  951071]
1638,[1082185 1004906 1068719  979707 1022254]
1640,[1106523 1082185 5568378 1075368 1110559]
1641,[1082185  920025 1126899 1068719  979707]
1642,[1106523 1070820 1029743  916122 1055504]
1643,[1082185 5568378 1029743 5569327 1068719]
1644,[1082185 1029743 1068719  979707 1022254]
1645,[1082185 1108094 1068719  979707 5575861]
1646,[1029743 1082185 1126899 1040416  834117]
1647,[1082185 1068719  979707 1022254  965766]
1648,[1106523 1082185  983584 5569230  844179]
1649,[1082185  916122  965766 6391381  869728]
1650,[1082185  944137 6034857  940947  854754]
1651,[1104343 6034857 1082185 1055504  901062]
1652,[1034176 1082185 1029743  885697 5567502]
1653,[1029743 1044078  870843  902377 1048507]
1654,[1082185 1106523 1004906 5569230 8090533]
1657,[1106523 1082185 1116635  979707 1022254]
1658,[1082185 1029743 1122358  885290 1004906]
1659,[1106523 1029743  916122 1044078 6034857]
1660,[1082185  866211  955854 1029743  827919]
1662,[ 916122 1082185  999104 1026118  951412]
1663,[1082185 1029743 8292955  896804 1070820]
1664,[1070820 1082185 1041796  899624 1123022]
1665,[1082185  978129  854852  986912  829291]
1666,[1122358 1082185 1029743  983584  916122]
1668,[1106523 1068719 1082185 1121393  848319]
1669,[1082185 1116741 1126899 1068719  979707]
1672,[1029743 1106523 1082185 1044078 1096066]
1673,[1106523 1029743 1082185  948650  883932]
1676,[ 888586 1026258 1082185 1126899  921406]
1677,[1029743 5568378 1135971  885290 5586727]
1680,[1082185 1126899 1004906  940947 5568378]
1683,[ 1082185 15926844  1070820  5574377  1001333]
1684,[1082185 1106523  899624 8090537 1110244]
1685,[1082185 1029743 1106523 1005274 1068719]
1686,[1106523  986912 1082185  953539 1029743]
1687,[1126899  872137 1135834 1010079  976199]
1688,[1082185 1106523 1028715  911311 1029743]
1689,[1082185 1133254 1118946 1029743  978077]
1690,[ 899624 1082185 1106523 5569230  979707]
1692,[1029743 1106523 1082185 1044188  844179]
1693,[1126899 5590613 1082185  916122 5587656]
1694,[ 983584  985893  947798 1108168 1044078]
1695,[1029743 1068719 6513810 1138677  979707]
1696,[1082185 1029743 1082212 1070820  956672]
1697,[1044078 1082185 1029743 5569230  993838]
1698,[1082185  907631 1094308  866211  930118]
1699,[ 993638 1082185 1106523 1048445  830203]
1700,[1082185 1106523 1042544  956486 5568378]
1701,[1082185 1029743 1004906 6034857 5565925]
1703,[1106523 1044078 1098435 5590613 5590695]
1704,[ 873324 1082185 1068719  979707 1022254]
1705,[1082185  942151 1044078 1125077 1068719]
1706,[1082185 1068719  979707 1022254  965766]
1707,[1082185 1029743 5569230 1050851 1068719]
1708,[ 1029743  5569230  1082185 12648296  1068719]
1709,[1082185 1106523 1029743 7166861 1068719]
1710,[1082185 1029743 1106523  845975 1126899]
1712,[1082185  979707 1022254 1029743  965766]
1713,[8090440  903602  893362  913210 1032703]
1715,[1082185 1126899  897954  859427  983000]
1716,[ 1082185 12302069  1068719  1029743   979707]
1717,[1029743 1068719 1082185  848319  899682]
1718,[1082185 1106523 1070820 1016276 1041796]
1719,[5569230 1070820 1103105 1082185 1106523]
1720,[ 916122 1070820 1082185  885290  933835]
1721,[1082185 1096728 1068719 1106523  979707]
1722,[1126899 1106523  835098 1013703 1091865]
1723,[ 870559  876626 1008547  922561 1098844]
1724,[1126899 1106523 1082185  866211 1104343]
1726,[ 866211 1029743 1082185 1126899  822049]
1728,[ 1029743 13115579  1082185   865156  5573375]
1729,[1082185 1106523  858999 1029743 1000462]
1730,[1082185 1068719  979707 1022254  965766]
1731,[1082185 1109778 1126899  983584 1106523]
1732,[1106523 1029743  976199 1082185  844179]
1733,[ 885290  986912  844179  850102 1044078]
1734,[1082185 5569230 1068719  979707 1022254]
1735,[1082185 1082990 5569230  963971 1068719]
1737,[1082185  901062 1068719  979707 1022254]
1738,[1082185 1106523 1118033  957063  922847]
1739,[1082185 5568378 1106523 5569230 1068719]
1740,[1075368 1056509 6034857  885406 1082185]
1742,[ 864335 1019637 1098284 1048373 1114653]
1743,[1082185 1106523 1068719  979707 1029743]
1745,[1082185 1106523  865456  983584 1106271]
1747,[1106523 1082185  986912 1094924  824305]
1748,[1106523  916122 1044078 1028995 1082185]
1749,[1029743  934399 1082185 1135834  849066]
1750,[1068719  979707 1082185 1022254 1029743]
1751,[1050851 1070820 1082185 1051323  825365]
1752,[1044078 1068719 8090521 8090537  965766]
1753,[ 986912 1082185 1067695 1106523 8090537]
1754,[ 1029743  1082185  1044078   967948 12349850]
1755,[1082185 1068719  979707 1022254 1029743]
1756,[1029743 1106523 1075368  866211 1126899]
1758,[1126899  899624 1082185 1132771 1029743]
1759,[1044078 1068719 1082185  844179 1126899]
1760,[1029743  983584 1082185  948670 1068719]
1761,[1082185  932340  854852 1033142  989824]
1762,[ 1082185  1029743   983584   976199 12731701]
1763,[ 979707 1106523 1037840 1025650 6548453]
1764,[1126899 1075368 1082185 1110244  951412]
1765,[1082185 1029743  916122 1070820 7169088]
1766,[1082185  975649 8090537 1068719  979707]
1767,[1081177 1103105 1044078 1106523 1029743]
1768,[12946027  1082185   899624   999858  1022254]
1769,[1029743  872137 6602697  944564 5563693]
1770,[1029743  835098  979707  960791 1043971]
1773,[ 916122 1082185 1056509  913210 1070820]
1774,[1106523 1029743 5569230 1104343 8090521]
1775,[ 1082185  1126899  1098844 13007986   866211]
1776,[1082185  972931 1029743  986912 1070820]
1778,[1029743 1082185 1022254 1128240 1004906]
1779,[1082185 1070820  951094 1004906  844179]
1780,[1106523 1082185  916122 1044078 1122358]
1781,[1106523 1082185 1029743  979707 6772803]
1783,[ 1029743   916122  1082185 12384779  1132771]
1784,[1126899  979707 1082185  983584  899624]
1785,[1126899 1082185  916122  976199 1070820]
1787,[ 1106523  1029743  1082185   916122 12810393]
1788,[1029743 1082185 1022254 5569230  951412]
1789,[1082185 1061982  957063 1068719  979707]
1790,[1082185 1004906 1038174 1131634  899624]
1791,[ 1082185   916122 14106445   910673   845894]
1792,[1075368 1106523  906917  880888 1089766]
1793,[1082185 1029743  866211 1044078 5569230]
1794,[1106523 1102416  844179 1082185 5569230]
1795,[1070820 1050851 1090793 1082185 1132911]
1796,[1029743 1082185  965766 1106523 1037840]
1797,[1082185  900586 9419198 1039672 1112825]
1798,[1106523 1029743  866211 1082185  844179]
1800,[1082185  979707 1126899 1022254 1068719]
1801,[1082185  854900 1116635 1128163 1068719]
1802,[1082185  885290  848319 6533394 9707010]
1803,[ 939860 1138292 1029743 1082185 1022254]
1804,[1029743  948670 1082185  866211  834117]
1805,[1082185 1065017  931255 9803601 1068719]
1806,[1029743 1126899 5568378  979707 1082185]
1807,[1044078  916122  885863  908312 1082185]
1808,[1082185 1037840  976199 1029743  945909]
1809,[1082185 1029743  916122  854405 5568378]
1810,[1029743 1098284 1082185 1074040  878715]
1811,[1135258  901976 1106523 1082185 1004906]
1812,[1082185 1075282  842707  852014  829291]
1814,[1082185 1022254  979707 1068719  865705]
1815,[1082185 1044078  899624 1029743 6034857]
1816,[1082185 1070820 1029743 1056509  916122]
1817,[ 866211  872137  925862 1116635  874563]
1818,[1106523 1082185 5568378  901976 5569230]
1821,[1106523 5568378  983584 1044078  979707]
1822,[1029743 1082185  844179 1106523 5569230]
1823,[1070820 1082185  916122  899624 6602697]
1824,[1106523 1082185  983584  844179  916122]
1826,[1029743 1106523 1044078 1082185 1072523]
1829,[1029743 1082185 1135044  914753 1098844]
1831,[1082185 1098248  976199  901062 9245106]
1832,[1082185  848029  951412 1137775 1068719]
1833,[1106523 1082185 1126899 1070820  844179]
1835,[1029743 1026258  933835  908318  921406]
1836,[1126899 1082185  916122  965766  948670]
1837,[ 979707 7410320 7410321 1001656  965842]
1838,[1082185  899624 1106523 5569230 1044078]
1839,[1106523 1082185 1029743 1070727 1101932]
1841,[1010578  925350 1004906 1026058 1082185]
1843,[1082185 5569230 1070820  849202 5569845]
1844,[ 916122 1082185  844179  979707 1068719]
1845,[1127831  986912 1126899  916122  909714]
1846,[ 839208 1082185 1029743 1068719  979707]
1847,[1082185 1070820 1073426  908283 1029743]
1848,[1082185  986912  892573  894439 1077133]
1849,[1029743 1082185 1070820 1040416 5592232]
1850,[ 979707 1022254 1082185 6034857  854852]
1853,[1082185 1068719  979707 1022254 1004436]
1854,[  897922  1055504  1082185  1098844 10457590]
1856,[ 986912 1044078 1082185  851819  870826]
1857,[1082185 1029743 1068719 1137346  979707]
1858,[1082185 8119101  916122 1004906 1126899]
1861,[1068719 1029743 1082185 1044078 1122358]
1862,[1082185 5569230  916122  824305 1011926]
1864,[ 965842 1022254 1098844 5563693  900802]
1865,[1082185 1098435 1070820  939789 1092303]
1867,[ 916122 1082185  897954 1126899  849202]
1868,[1082185 1068719 1103808  979707 1022254]
1869,[1082185 1126899  916122  844179 1070820]
1871,[1055425 1082185  854852  970160 1068719]
1872,[1082185 1126899  913210 1081177 1055504]
1873,[ 962229 1044078 1101010  844179  878996]
1876,[1082185  973016 1068719  979707 1022254]
1877,[1029743  983584 1122358 1082185  844179]
1879,[ 885290 1082185  922561  933835 1040807]
1880,[1082185 1044078 5568378 1106523 5569230]
1881,[1082185  852360  859154  916122 5569327]
1882,[1082185 1029743 1068719  979707 1022254]
1883,[1029743 1106523 5569230 1044078 1082185]
1884,[1082185 1029743 1093413 1068719  979707]
1885,[1082185 1068719  979707 1022254  965766]
1886,[1082185 1068719  979707 1022254  882604]
1887,[1126899 1082185 1070820 1004001 1062128]
1889,[ 1082185  1029743   919534  6391381 12731436]
1890,[1061982 1126899 1082185  916122 1003616]
1891,[1082185 1106523 1022340  973086  930918]
1892,[1044078 1082185 1106523  851819 1021116]
1895,[1082185 1129049  879734  963971 1068719]
1896,[1029743 1082185 1075368 1037840  971922]
1898,[1082185 1068719  979707 1022254  965766]
1899,[ 985893  833598  887744  998008 1029743]
1900,[1070820 1098844  971922  872137  940947]
1901,[1121367  970202 5566309 5567169 1013928]
1903,[1106523 1082185 1124695  916122  965530]
1904,[1082185 1044078 1004385 1064002 1068719]
1906,[ 871633 1114653 1065259  872137  844179]
1907,[1125601  872137  976199 1092303  845975]
1909,[1082185  979707 1022254 5588161  965766]
1911,[1082185 1044078 1076769  844179 1070820]
1912,[1029743 1106523 1082185 1044078  844179]
1914,[ 894439  892573 1043787 1077133  862010]
1916,[1068719 1106523 1082185  916122 6602697]
1917,[1106523 1029743 1082185  975085  883068]
1918,[1029743 1082185 1126899  872137  995965]
1919,[1106523 1082185  844179 5569230 1040812]
1920,[1082185  833724 1019643 1137688 1029743]
1922,[1132771 1126899 1070820 5563693 1082185]
1923,[1082185 1098844  916122  835098  901062]
1924,[1106523  983584 1029743 1082185  965772]
1925,[1029743 1106523  901062 1082185  837270]
1926,[ 1082185 12262830  1068719  5592931   916122]
1927,[1106523  916122 1044078  863447 1025611]
1928,[1070820 1082185  983584  908504  958647]
1929,[1106523  965766  933835  913210  899624]
1930,[1106523 1082185 1051323 1029743  844179]
1931,[1106523 1082185  866211  823704 1068719]
1932,[1029743 1082185 1127831 1068719 8090440]
1935,[1126899 1082185  999104  998519 1048257]
1936,[1029743  844179  971922 1056492 1068719]
1937,[1070820  833724  962229 1082185  999104]
1939,[1082185  844179 1068719 1029743  896085]
1940,[1026118 9653535 1082185  836085 1063739]
1941,[1044078 1106523 1082185  947798  844179]
1942,[5569230 1082185 1004906 1106523 5585510]
1943,[1029743 1106523 7152455 7147142 1082185]
1944,[1070820 1022254 1106523 1029743 1082185]
1945,[1082185 1029743 1068719  979707 1022254]
1946,[ 1082185  1070820   916122 10344585  5569230]
1947,[1126899  933835 1028938 5568378 1097635]
1948,[1082185  848319 6602590  916993 1126899]
1949,[ 1082185  1044078   908843   866211 13909964]
1950,[1106523 1082185  921504 1029743 1079987]
1951,[1082185 1127831 1068719  979707 1022254]
1952,[1029743  995502 1082185 1068719  979707]
1953,[1082185  958382 1050851 1044078  979707]
1954,[1082185 1084036 1038745 1122358  899624]
1955,[1082185  867020  974250 1106523  955867]
1956,[1126899 1070820 1082185 5568378  933835]
1957,[1029743 1082185 5568378  885863 5592232]
1958,[1082185 1040807 1055504 1068719  979707]
1959,[1082185 1029743  916122  844179  940947]
1960,[1044078  844179 1070820 1082185  831628]
1961,[1106523 1082185  916122 1126899 5587656]
1962,[1056509 1082185  976199  913210 1112825]
1963,[1082185 1044078  866211  922651 6443332]
1964,[1082185  925350 1022254  979707 1068719]
1965,[1106523 1082185  983584 1029743  844179]
1966,[1070820  950271 1098248  988277 1004906]
1967,[1029743 1082185 1106523 1070820  866211]
1968,[1106523 1082185 1090676 1029743 1122358]
1969,[ 916122 1029743 1082185 1044078 1106523]
1970,[1082185 1029743 1072086 1106523  943522]
1971,[1029743 1070820 1082185 1126899 1097001]
1975,[1108055 5569230 5574377  986912  976199]
1976,[1106523 1082185 1082990  916122 1075368]
1978,[1029743 1082185 1126899 1137775  866211]
1979,[1029743 1082185 1106523 1022254 1004906]
1981,[1126899 1070820 1122358 1087605 1082185]
1982,[1082185 6979803  912451  970202  851287]
1983,[ 866211 1082185  908318 7166865 1029743]
1985,[1106523 5569230  901062  904236 1004906]
1987,[1082185 1068719  979707 1022254  965766]
1988,[1106523 9297223 1082185 1080472 1136341]
1989,[1082185  835098  833724  844179  944139]
1990,[1029743 1082185  856942 1126899  824305]
1991,[1082185 1068719  979707  892048 1022254]
1992,[1082185 1068719  916122  979707 1022254]
1993,[1082185 1044078  862010 1004906  883003]
1994,[1082185 1126899 1070820 1029743 1068719]
1995,[1029743 1106523 1082185  976199  916122]
1996,[1029743 1126899 1070820 6034577 1082185]
1997,[ 1126899 10344585  1082185  1010051  1008675]
1998,[1106523 1082185 5592931 1004436 1044078]
1999,[1082185  866211  986912 1029743 1044078]
2000,[1082185  916122 1070702  967144  844179]
2001,[1082185 1029743 1126899 1068719  979707]
2003,[1082185 1051211  844179 1006906  995965]
2004,[ 990797  916122 1082185 5568378 9655212]
2005,[ 1082185  1068719   866211  1029743 13841744]
2006,[1082185 1070820 1106523  916993  866211]
2007,[1106523 1082185  899624  916122  866211]
2008,[1106523 1126899 1082185  885290  913210]
2010,[1082185  986912 1068719  916122 1044078]
2011,[1082185  973086  916487  951071  979707]
2012,[1106523  868645 1044078  844179  916122]
2014,[1082185  916122 1106523  844179  870547]
2015,[1029743 1082185  940947 1126899  944534]
2016,[1082185 1106523 1051516 1068719  883003]
2017,[1126899  983584 1082185 1070820  916122]
2018,[1082185 1106523  866211 1029743 1044078]
2019,[ 1029743  1044078   899624 12808385  1081177]
2020,[1029743 1106523 1068719 1082185 1122358]
2021,[1004906 1044078 1082185  883932  896862]
2022,[1082185 1029743 1098844 1070820  933835]
2023,[1082185 1011457 1068719 1003699  979707]
2025,[ 894570 1082185 1029743 1068719  979707]
2026,[1082185  916122 1068719  979707 1022254]
2027,[1082185 1029743 1037863 1044078 1041796]
2028,[5569230 5568378  880888 1082185 1029743]
2029,[1082185 9523059 1029743  832768 1044078]
2030,[1082185 1029743  944836 1087102 1056509]
2031,[1082185 1106523 1068719  979707 1044078]
2032,[1082185 1070820 5569230 1068719  979707]
2033,[1082185 1029743  866211 1068719  844179]
2034,[1126899 1106523 1082185  866211  916122]
2036,[1126899  885290  933835 5572308 1029743]
2037,[1068719 1082185 1029743 1018007  990797]
2038,[1082185 1029743 1068719  961730 1127716]
2039,[1029743 1106523 6039859 1082185 1110244]
2040,[1082185 1029743 1126899 1106523  916122]
2041,[1082185 1074333  916122  872137 1046638]
2042,[1082185 1126899 1068719 1029743  971922]
2043,[1082185 5569327  995876  974156 1068719]
2046,[1082185 1029743 1070820  833598 1068719]
2047,[1106523 1082185 1029743  916122  979707]
2048,[1106523 1082185 6391137 1068719  893221]
2049,[1082185 1068719  979707 1022254  965766]
2050,[ 899624 1082185 1024051  930385  866211]
2055,[1082185 1004906 1011926  864805  987311]
2056,[ 962229 1106523 1029743 1082185  866211]
2057,[1082185 1068719 1070820  916122  979707]
2058,[1082185 1022254 1062002  872137  882247]
2059,[1082185 1126899 1134296 1022254 1068719]
2060,[ 986912 1029743 5569230 1082185  913210]
2062,[1082185 1029743 1044078  916122 1022254]
2063,[1082185 1105917 1022254  866211  961447]
2064,[1029743 1082185 1081177  916122  854754]
2065,[1029743 1044078  844179 1082185  916122]
2068,[1070820 1082185 1004906  919126 8118764]
2070,[1082185  865456  916122  913210  989824]
2071,[1082185 1106523 1068719 1029743  899624]
2072,[1082185 1070820 1082212  899624 1068719]
2075,[1029743 1082185  899624 9419525 1044078]
2076,[1082185 1106523 1029743 1098844  854852]
2077,[1106523 1082185 6391381  872137 1072685]
2079,[1106523  979707 1082185 1029743  819840]
2080,[1044078 1106523  863447 1004906  919534]
2081,[1082185 1106523  844179  983584 1016276]
2082,[ 1029743   899624  1082185 15926844   916122]
2083,[1070820  844179  976199  911614 1004906]
2084,[ 1082185  9652066   970866 12692328  1022254]
2085,[ 962229 1070820 1044078 1029743  983584]
2086,[1029743 1082185  834117 1068719  866211]
2087,[1082185  976199 1029743  916993  948670]
2088,[1082185 1029743 1044078  844179 1050851]
2089,[1126899 1082185 1102829 1068719  979707]
2090,[1082185  916122 1070845 1068719  979707]
2091,[1082185 5577022  844179 1068719 5568489]
2094,[1082185 1070820  916122 6463775  844179]
2095,[1068719  986912 1106523 1082185  844179]
2099,[1082185 1029743  854852 1068719  979707]
2100,[1082185 1106523 1041796  844179 1044078]
2101,[1082185  883003 1075470 1008032 1029743]
2102,[ 872137 1082185  940947  926206 1123022]
2103,[ 1082185 12946027  1029743  1121393   989069]
2105,[1082185 1106523 1029743  866211 1068719]
2108,[1082185 1106523  983584 1122358  854852]
2109,[ 930666 1082185 1041796  935993  925862]
2110,[1029743 1082185 1106523 8118764 8066803]
2111,[1082185 1126899  979707 1022254 6602590]
2112,[1029743 1126899 1082185  901062 1022254]
2114,[ 986912  933835  885290 1126899 1076954]
2115,[ 1070820   916122  1068719  5569845 12810393]
2116,[1070820 1068719 1105917  986912 1045826]
2119,[1082185 1029743 1092502  947201  930385]
2120,[1082185 1068719  979707 1022254  965766]
2121,[1082185  916122  844179 1095374  848319]
2122,[1082185 1068719  979707 1022254 1006184]
2123,[ 5569230 10285454  1029743  1082185   824180]
2124,[1126899 1106523 1029743 1082185  916122]
2125,[1029743  976199 1068719 1082185  958027]
2126,[ 833724 1126711  872137 1082185  916122]
2129,[1029743 1082185  844179 1070820 1004906]
2130,[1106523 1082185 1068719  872137  909800]
2131,[ 986912 1070820 1022254 1082185 1029743]
2132,[1082185  990797  866211 1068719  979707]
2133,[1126899 1082185  866211  976199  825365]
2134,[1082185  844179  899624  865705  962229]
2135,[1082185 6534074  904997  965842  825994]
2136,[13906641  6602729   901062  9707498  1082185]
2137,[1082185  968072 1067779 1068719 1044078]
2138,[1082185 1029743 1075368 1070820 1080677]
2139,[1029743 1082185 1068719 1100972  844179]
2141,[1106523 1070820  933835 1082185  899624]
2142,[1029743  866211 1044078 5568729  913210]
2145,[1082185 1068719  979707 1022254  866211]
2146,[1029743 1082185 1106523  944836  999090]
2147,[1106523 1082185  848319  916122 1026118]
2148,[1106523 1082185 1068719 1044078 1101010]
2149,[ 1106523  1082185   849202 13003101   939681]
2151,[1029743 1082185 1068719  979707 1083787]
2153,[ 1082185  1029743  1044078 13841744  1068719]
2154,[1082185 1106523 1101010  866211 1068719]
2155,[ 1082185   844179  1068719 12132315   979707]
2156,[1029743  913210 1082185 1122358  965889]
2158,[1082185  926033  844179  929341 1116770]
2159,[1106523 1082185 1029743 5592931 1004906]
2160,[ 953539 1082185  956672 1068719  979707]
2161,[ 951176  995965  865156  976214 1082185]
2162,[ 979674 1059153 1082185  896085 1076199]
2163,[1016274 1082185 8090532 1068719  979707]
2167,[1082185 1106523 1044078  866211  983584]
2168,[1044078  844179  916122 1082185  863447]
2169,[1082185 1126899 5568378 1068719 1044078]
2170,[1013928  863762 1029743 1106523 1082185]
2171,[1082185  986912  974336 1081533  921763]
2172,[1082185 1029743 1104343 1070820 1138423]
2173,[1082185 1029743 1062002 1106523 1132771]
2174,[1082185 1106523 1126899 1068719  979707]
2175,[1082185 1068719  979707 1022254  938596]
2176,[1044078 1106523 1082185 5569230  844179]
2179,[1082185 1106523  879876  979707  911311]
2181,[1082185 1106523 1126899 1029743  971922]
2182,[1082185  979707 1022254 1029743 1068719]
2183,[ 1082185  1098248 12731432  1029743   948670]
2184,[1082185 1106523 1029743 1104649 1022254]
2185,[1082185 1068719  850676  865456 5566309]
2186,[1106523 1082185  965766 1068719 5569230]
2188,[1106523 1082185  933835  819978 1101010]
2189,[1029743 1082185  834117  913210  983584]
2190,[1106523 1082185  883003  983584 1101010]
2193,[1070820 1098844 1005274  979707  965766]
2194,[ 1082185   866211 12384629  1081177 15926886]
2195,[1126899 1082185 1055504  916122 1138443]
2196,[ 1029743  1082185   986912 12731432  1008032]
2197,[1082185 1044078  879504  916122 1068719]
2198,[1013928  844179  921504 1134738  965766]
2199,[1126899 1070820 1082185  901062 1029743]
2200,[ 844179  916122 1044078  899624 1082185]
2202,[1082185 1068719  979707 1022254  965766]
2203,[1029743 1082185  844179  951412 1126899]
2204,[1044078 1082185  844179 1106523  916122]
2205,[1082185 1029743 1085435  921406  926905]
2206,[1082185 1029743 1135552 1025581  999104]
2207,[ 916122 1082185 1029743 1013928  910673]
2208,[ 5569230  1106523 12810393   940947  5581910]
2209,[1029743 1082185 1004906 1098844 1070820]
2211,[1126899 1070820 1082185  850834 1106523]
2212,[1082185 1068719  979707 1022254  965766]
2213,[1082185 5569230 1126899 1104343 1106523]
2214,[1082185 1068719  979707 1022254  919534]
2215,[1025650 1106523  866211  880150 1004906]
2217,[1029743  844179  916122 1082185 1022254]
2221,[1082185 6533368 7410321 7410320 1070820]
2222,[5569230  965766 1082185 1005849  966684]
2223,[1082185 1068719  979707 1022254  965766]
2224,[1082185 1070820  829621 1044078  957063]
2225,[1082185  872137  834158 1070820 1126899]
2226,[ 937413 1082185  986912 1069047  981660]
2228,[1029743 1106523 1082185  899624  844179]
2229,[ 965772 1082185 1034176 1127716  824305]
2231,[1082185 1024306 1070820 1009187 1126899]
2233,[1082185 1081177  866211 1026118  951412]
2234,[ 854754 1121694 1082185  984315 1104343]
2235,[ 1082185 12731436   969866   979707  1013389]
2237,[ 916122  844179  872137 1082185  976199]
2238,[ 971983  834117 1029743 1082185 1126895]
2239,[1029743 1082185  896085  983584 1004906]
2240,[1029743 1106523  899624 5568378  866211]
2241,[1082185 1029743 1106523 1068719  899624]
2243,[1029743 1082185  899624  903529 1133745]
2244,[1068719 1029743 1082185 1044078 1106523]
2245,[1098248 1068719 1106523 1044078  844179]
2247,[ 866211 1106523 1065538 1042544  872137]
2248,[1082185 1091520 1068719  979707 1022254]
2250,[ 1082185   916122   957063 12731432  5568378]
2252,[1029743 1106523 1082185 1044078  844179]
2253,[1082185 1029743 1068719  979707 1022254]
2256,[1082185 1068719  979707 1022254  965766]
2257,[1106523 1106116 1104349 1082185 1029743]
2258,[1126899 1082185  901666 1127328  828393]
2259,[1082185 1068719  979707 1022254  965766]
2260,[1029743 1082185  979707  916122 5569230]
2261,[1037840  983584 1106523  944534  916122]
2262,[1019247 1122358 1082185 6773232  893018]
2263,[1044078  986912  901062  844179 1082185]
2264,[ 916122 1126899  976199 1127831 5592610]
2266,[1082185 1026118 6602697 1027208  951412]
2267,[1126899 1091901  913210 8019977 1097761]
2269,[1082185  844179  916122 1044078 6034857]
2270,[1044078 1068719  916122 1082185  844179]
2271,[1082185  993638 1001277  871611 1068719]
2272,[1082185 1104343 1029743 1127025  953539]
2273,[ 972931 1029743  880427 5568378  870547]
2274,[1082185 5569230  971922 1101010 1004906]
2275,[ 844179 1044078  916122  899624 1082185]
2276,[ 1082185   866211 12946027  1068719   979707]
2277,[1106523 1082185 1044078 1075368  865456]
2278,[1082185 1070820 1022254  922127 1004436]
2279,[ 1082185   849697   916122  8090537 10456467]
2280,[1070820 5569230 1041796  976199  883003]
2281,[1126899 5569230 1082185 6534077 1046756]
2282,[ 833724 1082185  880228  979707 1068719]
2283,[1082185 1106523 1070820 1013597 1126899]
2284,[ 916122 1071446 1044259 1126899  979707]
2285,[9707461 1082185 1134633 7464370  916122]
2287,[ 1082185  1029743   955431   980943 13008065]
2288,[1126899 1082185 1070820 1051516 1122358]
2289,[1029743 1082185  834396 1021225  913210]
2290,[1082185 1029743  883003 1075368  865456]
2291,[ 1082185 12523928   962588  1068719   979707]
2292,[1082185 1029743  865456 1043534 1090793]
2293,[1082185 1126899 8119101 1070820  866211]
2294,[1082185 1029743 5590613 7410201 5587656]
2295,[1106523  899624 1044078 1068719 1082185]
2296,[1029743 1070820 1068719  899624  856252]
2297,[1082185 1127758 1106523 1068719  979707]
2298,[1029743 1082185  916122 1106523  856252]
2299,[ 916122 9833335  878996 6602697 1082185]
2300,[1029743 1082185  965766  999104 1044078]
2301,[1082185 1029743 1004906 5569230  916122]
2302,[1029743 1082185 1004906 1000736  916993]
2303,[1029743 1082185 1127831  983584  844179]
2305,[1029743  983584 1069039 1056509 1082185]
2307,[1082185  976199 1029743  883003  916122]
2308,[1082185 1029743 1068719  979707 1022254]
2310,[1082185 1068719 8020166 5568378  933067]
2312,[ 916122 1082185 1070820  979707 6034857]
2314,[1082185 1126899  916993 1048257  948298]
2315,[1082185  916122 1015280 9831469  957828]
2317,[1082185 1105917  916122 1029743  899624]
2319,[1082185 1068719  979707 1029743 1022254]
2322,[ 1082185   976293  1044259 13417954  1007571]
2323,[1082185 1068719  979707 1022254  965766]
2324,[ 1029743  1082185  1106523 10143784   899682]
2325,[1082185 1068719  979707 1022254  965766]
2328,[ 916122 1127831  848319 1082990 1135971]
2330,[1082185 1106523 1053988  916122 1132771]
2331,[1029743 1044078 1082185  856252  844179]
2333,[1082185 1116050 6533936 1068719  979707]
2334,[1029743 5568378 1102416  892573  965766]
2335,[1029743 1082185 1106523 1132771 1044078]
2336,[1082185 1029743 1106523 1122358  844179]
2337,[1044078 1067695 1082185 1097001  907631]
2338,[1106523 1082185  844179 1082990  986912]
2339,[1082185 1068719  979707 1106523 1022254]
2340,[1082185 1106523 1075007  871061 1008714]
2341,[1106523 1082185 1029743 1081177  916122]
2342,[1082185 1029743  901062  916122 1056509]
2343,[1029743 1106523  916122 1082185 1104343]
2344,[1082185 1022254 5569230 1068719 1106523]
2345,[1106523 1029743 5569230 1082185 5568378]
2347,[1029743 1082185 8090521 1122358 1034176]
2349,[1106523  836085 1029743 1082185 1004001]
2350,[1082185 1029743 1101010 1132771  899624]
2351,[1029743  916122  976199  909714  899624]
2352,[1082185 9803819  983584 5569230  951674]
2354,[1126899  916122  866211 1082185  913210]
2359,[1106523 1082185  965766 1068719 1103105]
2360,[1029743  844179 1082185  916122 6534552]
2361,[1126899  915459 1044078 1082185  882013]
2363,[1082185  944137 6602697 1029743 1070820]
2364,[5707857 1082185 1068719  979707 1022254]
2366,[1044078  844179 1004906 1082185 5569230]
2368,[1029743 1082185 1126899 1068719 1044078]
2369,[ 1029743   976335  1082185 12385374  8090440]
2370,[1070820 1044078  844179 1082185  916122]
2372,[ 982469 1037840 1082185  995965 8090532]
2373,[1082185 1068719  979707 1022254  965766]
2374,[1082185 1070820  872137  901062 1081177]
2375,[ 835300 5585510  989069 1106523 1044078]
2376,[1082185 1029743  916122 1044078 1126899]
2377,[ 1082185 13189726   866488   866211   844179]
2378,[1029743  916122  844179 1082185 1022254]
2379,[1082185 1126899 1127831 1034176 5568729]
2380,[1029743 1082185 1122358 1039927  916122]
2381,[ 916122  890695 1082185  895930 1044078]
2385,[1029743 1068719 1106523 1082185 1044078]
2386,[1082185 1029743 1076056 1070820  916122]
2387,[ 940947 1082185  848029  832678 1068719]
2388,[1082185 1106523 1029743 1068719 1044078]
2389,[ 1029743 12946027  1082185  1106523   893018]
2392,[5568378 1103629  965766 1082185  895166]
2393,[1082185 1085435  863447  907099 6391089]
2394,[1082185  986727  866211 5569327 1092502]
2395,[1029743 5569230  985893 1106523  916122]
2397,[1082185  883932  865026 1042765 5569792]
2399,[1082185 1106523 1068719  979707 1022254]
2400,[1082185  916122 1068719  838186 1044078]
2401,[1106523  848029 1082185 1081177  825343]
2404,[1082185 1068719  979707 1022254  965766]
2405,[1029743 1082185 6602697 1091383  865456]
2406,[1082185 1126899 5568378 1075368  893018]
2407,[1029743 1044078 1082185  916122 1038443]
2408,[1029743  908318 1138443  999198 1082185]
2410,[1106523 1029743 1082185  844179 5569230]
2412,[1106523 1044078 1122358 1068719 5568378]
2416,[1126899 1098844 1082185 1029743  899624]
2418,[1029743 1044078 1082185 1101010  925862]
2420,[1068719  880150 1106523 1029743  944534]
2421,[ 866211 1022254  897752  832678 1126899]
2424,[1029743  844179  916993 6034857  870547]
2425,[1082185 1029743  976199 1070820 5569230]
2426,[1029743 1058404 1044078 1082185 1043494]
2427,[10341855   916122   866211   856252  1082185]
2429,[ 899624 1082185 1029743 1044078 1122358]
2431,[1106523 1082185 5569230 1004906  823990]
2434,[1068292 1082185 1131344 1106523  944534]
2435,[ 1029743   899624  1082185 10198378  1081177]
2437,[1082185 1070820  866211 5569230  901062]
2438,[8090556  919766 1082185  892048  892531]
2439,[1082185 1106523 6039994 1070820 1068719]
2440,[1082185  874972 1106523  916122  866211]
2441,[1029743 1082185  898121  885023  888178]
2442,[1082185 1126899 5569230  860248  940947]
2445,[ 844179  933835 1102879 1044078  991592]
2446,[1082185  990797 1000542 1044259 1051211]
2447,[1082185 1067425 1109778  963835  880780]
2448,[1106523 6034857 1082185 1004906  916122]
2449,[1029743  979707 1055504  872137 1126899]
2450,[1070820 1082185 1044078 1022254 1029743]
2451,[1126899 1022254  872137  869465  844179]
2452,[1106523 5568378 1014999 1081177 1082185]
2453,[1070820 1082185  976199  916122 1106271]
2455,[1029743 1106523 1082185  983584  844179]
2456,[1082185  916122 1126899  951412 1121393]
2457,[1106523 1082185 1104343  876115  901062]
2458,[ 965842 1082185 1127831  885290 5567428]
2459,[1135468 1031864  859010 5576075 5567702]
2460,[5569230 5568378 1082185 5569792  979707]
2461,[1082185  866871  866211 1068719  979707]
2462,[1029743  979707 6034857  916122 1022254]
2464,[1082185 1068719  979707 1022254 1070820]
2465,[ 1082185   986912 10344585   944534  1022254]
2466,[1029743 1082185 1106523  979707  908064]
2467,[1126899 1082185 1083446 1069863  833940]
2470,[1082185  819840  823356  920626  976114]
2471,[1082185 1029743 1062002  998741  910032]
2472,[1029743 1082185  866211  979707 1022254]
2475,[1070820 1126899  971922  925282  837969]
2477,[1082185 1096563 1127831  866211 1126899]
2478,[ 965766  979707 1082185 1106523  854852]
2479,[1106523  845975 1068719 1127831  916122]
2481,[1029743 1082185 1056509  865456  963971]
2482,[1106523  983584 1004906 1029743 1082185]
2483,[1082185 6533936 1135971 1070820 1029743]
2484,[1029743  899624 1044078 1056509  972931]
2485,[ 1082185  5569230 12695224   944249   865456]
2486,[1029743 1106523 1082185 1068719  916122]
2488,[1070820 1082185  919534  965766  834117]
2489,[1029743 1068719 5568729 1022254  916122]
2492,[1106523 5569230  844179 1082185  933835]
2494,[1082185 1004906  969568 1033769 1029743]
2496,[5569230 1082185  933835 1056509 1106523]
2497,[1029743 1070820 1044078  900802 1135834]
2498,[1082185 1106523 1070820 1126899  979707]
2499,[5568378 5569327 1070820  999198  899624]
2500,[1065538 1082185 1019643 1056509  979707]
